settlement_id,payment_id,amount,fee,tax,net_amount
SETL-9001,pay_ejcy127h6gmd47,1003100,20062,3611,979427
SETL-9001,pay_zx25qbrmqg1ved,797500,15950,2871,778679
SETL-9001,pay_7b1ijiys2n75bx,445500,8910,1603,434987
SETL-9001,pay_tgv44ftj5ccasb,1986700,39734,7152,1939814
SETL-9001,pay_qnezw9heyce4qg,122200,2444,439,119317
SETL-9001,pay_83y0224wk0yehv,380600,7612,1370,371618
SETL-9001,pay_774rzgyd49pso1,130400,2608,469,127323
SETL-9001,pay_12v2tg5pizx3hc,356000,7120,1281,347599
SETL-9001,pay_2hhihxs58yreg2,424300,8486,1527,414287
SETL-9002,pay_rnu8c0s41kssvi,111700,2234,402,109064
SETL-9002,pay_1kfk7y6qxdsgv6,35800,716,128,34956
SETL-9002,pay_9zn9i9h0dxho87,211700,4234,762,206704
SETL-9002,pay_yur4sor8wm9lbb,107800,2156,388,105256
SETL-9002,pay_9q2l48c1cqg433,278200,5564,1001,271635
SETL-9002,pay_2pnjka34mqa78r,85800,1716,308,83776
SETL-9002,pay_twyam1n0lh9p89,73100,1462,263,71375
SETL-9002,pay_tzjko0mtglhug0,211900,4238,762,206900
SETL-9002,pay_qkwqh5k2y77z69,489500,9790,1762,477948
SETL-9003,pay_w56fkps0dxme4p,1412300,28246,5084,1378970
SETL-9003,pay_umygy0z4evldql,503600,10072,1812,491716
SETL-9003,pay_y181acjbc2swso,1314600,26292,4732,1283576
SETL-9003,pay_wi9s3w563btkf6,101200,2024,364,98812
SETL-9003,pay_4c6lbpj8t22c50,107800,2156,388,105256
SETL-9003,pay_zwdz09wftbgm55,113100,2262,407,110431
SETL-9003,pay_55jxurgowyoo5y,696500,13930,2507,680063
SETL-9003,pay_x7zcgdc5tao1cj,1332100,26642,4795,1300663
SETL-9003,pay_fj6ijkuuhclrr6,184400,3688,663,180049
SETL-9004,pay_iyfrwskp6rfe64,1179200,23584,4245,1151371
SETL-9004,pay_doz6wyqmlh13c7,854700,17094,3076,834530
SETL-9004,pay_fqot8hljefy3zb,93300,1866,335,91099
SETL-9004,pay_r25mdf7fr91ipw,133300,2666,479,130155
SETL-9004,pay_2xk2pthowq1gaz,120800,2416,434,117950
SETL-9004,pay_as6y3vg6v5t1dx,118100,2362,425,115313
SETL-9004,pay_gsic43olfark6o,167400,3348,602,163450
SETL-9004,pay_egi3qupxbfej2x,533800,10676,1921,521203
SETL-9004,pay_w2292mtr6snglh,162700,3254,585,158861
SETL-9005,pay_vm4w3zkwdeekgy,143200,2864,515,139821
SETL-9005,pay_cq1xgbngz6wmdw,507600,10152,1827,495621
SETL-9005,pay_m44gv3z6bz8uug,1290800,25816,4646,1260338
SETL-9005,pay_uh80q7tw1puwsn,862500,17250,3105,842145
SETL-9005,pay_rr5pcxa5s00i85,30200,604,108,29488
SETL-9005,pay_hasez2nx1wvbd4,286600,5732,1031,279837
SETL-9005,pay_msdn1mxf1pi2oo,1553200,31064,5591,1516545
SETL-9005,pay_rdu4xszjnvc7hr,43500,870,156,42474
SETL-9005,pay_1yy1j2jcn9j3gc,107100,2142,385,104573
SETL-9006,pay_g4fbl98k03w0fg,473100,9462,1703,461935
SETL-9006,pay_shkoecubods1ee,595700,11914,2144,581642
SETL-9006,pay_txw1vzc7d2kd1p,249600,4992,898,243710
SETL-9006,pay_gbmfbuvldd9fkx,262900,5258,946,256696
SETL-9006,pay_vzwd3kpug99w59,41400,828,149,40423
SETL-9006,pay_f4aq7b7v1w4k2t,2245500,44910,8083,2192507
SETL-9006,pay_s26fmr5ll1d9s9,349700,6994,1258,341448
SETL-9006,pay_ta83ru7myow8dt,75000,1500,270,73230
SETL-9006,pay_azbcgjc36oqolo,299800,5996,1079,292725
SETL-9007,pay_xrw6tm2o04k0lt,182500,3650,657,178193
SETL-9007,pay_fmpkxvhagkc4lo,62500,1250,225,61025
SETL-9007,pay_53ykyydu3asnrm,719200,14384,2589,702227
SETL-9007,pay_axf5x9ee346z7w,2998800,59976,10795,2928029
SETL-9007,pay_fovd79c9mv9e40,1790400,35808,6445,1748147
SETL-9007,pay_jdtvv2y4xkss0k,2659200,53184,9573,2596443
SETL-9007,pay_mfs0iuduahgk6t,84900,1698,305,82897
SETL-9007,pay_deri4k5ogz2uea,1231500,24630,4433,1202437
SETL-9007,pay_jpxgh30153sfls,394500,7890,1420,385190
SETL-9008,pay_houu9sijpyueon,90300,1806,325,88169
SETL-9008,pay_fu8iogxpbwhvnz,452600,9052,1629,441919
SETL-9008,pay_u4bj3bqrr87iyo,423600,8472,1524,413604
SETL-9008,pay_k00ilu6vfua9bq,1721600,34432,6197,1680971
SETL-9008,pay_u9mjyg4s3meiur,1165100,23302,4194,1137604
SETL-9008,pay_t939ayq6ww8yl6,61200,1224,220,59756
SETL-9008,pay_ftlo4qdbxvh7ka,611800,12236,2202,597362
SETL-9008,pay_eb8753ayeqahth,78800,1576,283,76941
SETL-9008,pay_fz8obk3g84utdd,307100,6142,1105,299853
SETL-9009,pay_lslaym0wbglmy6,454700,9094,1636,443970
SETL-9009,pay_nvuprt77ggkg4w,99500,1990,358,97152
SETL-9009,pay_3c42yfkjfpnqvu,143900,2878,518,140504
SETL-9009,pay_4f2k1xerp3lyex,120600,2412,434,117754
SETL-9009,pay_pp3xvkvzrgol0w,201500,4030,725,196745
SETL-9009,pay_076a3kkrzd5e9p,38900,778,140,37982
SETL-9009,pay_t9d31k9qm3p91i,270800,5416,974,264410
SETL-9009,pay_hzy7ez9gtwz1uu,96500,1930,347,94223
SETL-9009,pay_eoqgvzhqjy62ze,231800,4636,834,226330
SETL-9010,pay_z1egntb34kuqaa,223000,4460,802,217738
SETL-9010,pay_dn8wwiif86lthe,854800,17096,3077,834627
SETL-9010,pay_olnntxrgn74f9y,4659900,93198,16775,4549927
SETL-9010,pay_u93mzywr7mkgxu,134600,2692,484,131424
SETL-9010,pay_mdzqcbzamd270s,213400,4268,768,208364
SETL-9010,pay_hkf286utios5hr,201300,4026,724,196550
SETL-9010,pay_307hdhjo5ctzet,106200,2124,382,103694
SETL-9010,pay_7rln36v1mzb3i4,723300,14466,2603,706231
SETL-9010,pay_g1wjuiiymyrsvz,406600,8132,1463,397005
SETL-9011,pay_y857nz3a8v4x7y,242800,4856,874,237070
SETL-9011,pay_c9t199dxj37c9h,3233100,64662,11639,3156799
SETL-9011,pay_6w51ob537qo4z5,186462,3729,671,182062
SETL-9011,pay_lvak9w9pfb3hn1,963700,19274,3469,940957
SETL-9011,pay_xanj4x5a5xin9d,337200,6744,1213,329243
SETL-9011,pay_xoleyrvxoieves,54400,1088,195,53117
SETL-9011,pay_38gl2zxjmylrq1,58200,1164,209,56827
SETL-9011,pay_ec2ihoy7dv7c9h,1050700,21014,3782,1025904
SETL-9011,pay_dej31gymdm0l2l,342300,6846,1232,334222
SETL-9012,pay_stqmgvu4isotn9,588000,11760,2116,574124
SETL-9012,pay_sq3b9so0uswbko,123500,2470,444,120586
SETL-9012,pay_ud2zdlx1q8f6jn,569800,11396,2051,556353
SETL-9012,pay_0k3wy8y2deg3zg,2312700,46254,8325,2258121
SETL-9012,pay_h1xjg2y8rgybxk,123200,2464,443,120293
SETL-9012,pay_x9fq9tea7187f8,196600,3932,707,191961
SETL-9012,pay_2lk2n7h9g1a07h,430200,8604,1548,420048
SETL-9012,pay_1qcwq85x7pwo6c,2133300,42666,7679,2082955
SETL-9012,pay_yhey66p61xufct,396500,7930,1427,387143
SETL-9013,pay_rwedbcy8nyfwdc,123600,2472,444,120684
SETL-9013,pay_p9p9w4j66cnolj,45500,910,163,44427
SETL-9013,pay_pddhcvsqame4yr,41900,838,150,40912
SETL-9013,pay_dfhg6w3stt1eqc,290900,5818,1047,284035
SETL-9013,pay_5ggomf9pml9ln1,887200,17744,3193,866263
SETL-9013,pay_ta7ypp5zp7r1m2,88800,1776,319,86705
SETL-9013,pay_u1hbj6txfo6v4e,64300,1286,231,62783
SETL-9013,pay_dalmjegqtoamdv,390000,7800,1404,380796
SETL-9013,pay_iusexu1srdv1l3,401200,8024,1444,391732
SETL-9014,pay_4pbgx25fplo1ur,42800,856,154,41790
SETL-9014,pay_tlrj4bdfhj4d0j,96100,1922,345,93833
SETL-9014,pay_omtzzf8adf7pch,353300,7066,1271,344963
SETL-9014,pay_ilkjxjq5nv8oga,53300,1066,191,52043
SETL-9014,pay_wrsb4gf16ye0a4,167300,3346,602,163352
SETL-9014,pay_muurmybd2qe4pa,291800,5836,1050,284914
SETL-9014,pay_rp0aga24smux2r,128800,2576,463,125761
SETL-9014,pay_1tw9zyn6sjchzj,59700,1194,214,58292
SETL-9014,pay_9lzrk79ufu6py0,381200,7624,1372,372204
SETL-9015,pay_xek47o3lqi7e1d,293400,5868,1056,286476
SETL-9015,pay_km95d0p92k38p6,135500,2710,487,132303
SETL-9015,pay_p4juw7wr0r35ik,138300,2766,497,135037
SETL-9015,pay_p1zscmo1pob7fu,1753200,35064,6311,1711825
SETL-9015,pay_s9bp4m18o1bj9r,803800,16076,2893,784831
SETL-9015,pay_zlboriq8hke226,94500,1890,340,92270
SETL-9015,pay_u7jae58huxg2my,455900,9118,1641,445141
SETL-9015,pay_ehou6qlz2rwgwa,249600,4992,898,243710
SETL-9015,pay_f5a7qy8yb7w8p7,1411000,28220,5079,1377701
SETL-9016,pay_mlw83y0mahym2z,304300,6086,1095,297119
SETL-9016,pay_zjsszwd0w9ry79,89700,1794,322,87584
SETL-9016,pay_gnrfio878iyhhg,2711200,54224,9760,2647216
SETL-9016,pay_d0tgsiwg0odwmq,148000,2960,532,144508
SETL-9016,pay_pprcjiwvhdk8lw,232600,4652,837,227111
SETL-9016,pay_b700ucrgb93wkc,543800,10876,1957,530967
SETL-9016,pay_kbvsigbiaf92mo,293900,5878,1058,286964
SETL-9016,pay_ylh9p1earphbxv,176800,3536,636,172628
SETL-9016,pay_efoztp7bd4w1ar,263700,5274,949,257477
SETL-9017,pay_zk94yxfiblejgu,259100,5182,932,252986
SETL-9017,pay_8q4vhu4bawz940,344500,6890,1240,336370
SETL-9017,pay_bzegbl2qgv3dr2,983800,19676,3541,960583
SETL-9017,pay_1tv18kgyggsnpu,2784400,55688,10023,2718689
SETL-9017,pay_zdo74v1qx8ertb,109000,2180,392,106428
SETL-9017,pay_jbzutrutlq5v4f,2223300,44466,8003,2170831
SETL-9017,pay_88o98bv78hu7f0,272000,5440,979,265581
SETL-9017,pay_ytuw6taq6ulm9k,266100,5322,957,259821
SETL-9017,pay_n085rntdr5xyfc,1188200,23764,4277,1160159
SETL-9018,pay_5ao20u9isygjjf,44100,882,158,43060
SETL-9018,pay_aawe429omuwahk,59500,1190,214,58096
SETL-9018,pay_zd76szn9dde3cu,452900,9058,1630,442212
SETL-9018,pay_hjku2w8zuvjutp,220900,4418,795,215687
SETL-9018,pay_3gy1fkoldxb7gb,149100,2982,536,145582
SETL-9018,pay_vgrf1hx6zdcujq,215200,4304,774,210122
SETL-9018,pay_u3dyms1mwnpr42,445500,8910,1603,434987
SETL-9018,pay_ohxs75t0ic0ra6,568000,11360,2044,554596
SETL-9018,pay_ta5ivrocvitwu3,825400,16508,2971,805921
SETL-9019,pay_tnd6r30ojhe4h3,154300,3086,555,150659
SETL-9019,pay_r7mzakgmih6mv4,1585000,31700,5706,1547594
SETL-9019,pay_kl8cgn0t6dvwrb,403100,8062,1451,393587
SETL-9019,pay_y4vpw232utvg9k,1689300,33786,6081,1649433
SETL-9019,pay_mlfzkicwmpeqyd,682600,13652,2457,666491
SETL-9019,pay_6jxnnngbpj4ufz,313300,6266,1127,305907
SETL-9019,pay_szdximyn4u9bxf,116400,2328,419,113653
SETL-9019,pay_smv30qabxw2eow,67413,1348,242,65823
SETL-9019,pay_lx2toowt9nm3v2,1000000,20000,3600,976400
SETL-9020,pay_04cdpqvl00ezzf,49900,998,179,48723
SETL-9020,pay_3d43e7b7p0rnpm,77000,1540,277,75183
SETL-9020,pay_n0dl5e11e9ftax,571000,11420,2055,557525
SETL-9020,pay_s3qt36qnyy95g5,893900,17878,3218,872804
SETL-9020,pay_jw6qdbtfbsciqu,980600,19612,3530,957458
SETL-9020,pay_tngvn1kicjn2fo,398700,7974,1435,389291
SETL-9020,pay_28xg8y72ivglye,260800,5216,938,254646
SETL-9020,pay_fx7xjz6us7rp42,215500,4310,775,210415
SETL-9020,pay_la100qxmcthphj,117200,2344,421,114435
SETL-9021,pay_zs34jtgxnx4sn6,39200,784,141,38275
SETL-9021,pay_qsspye9r1f63ai,1995600,39912,7184,1948504
SETL-9021,pay_swk2rv239moft6,61900,1238,222,60440
SETL-9021,pay_12hxrjm4t8bp6n,229100,4582,824,223694
SETL-9021,pay_jb354mype46aex,3015400,60308,10855,2944237
SETL-9021,pay_ctwjlsh3tow4yc,163900,3278,590,160032
SETL-9021,pay_hyexf7jxjn6fok,1263700,25274,4549,1233877
SETL-9021,pay_jtgq01tee13n3b,101000,2020,363,98617
SETL-9021,pay_7wwbslulzfy981,126700,2534,456,123710
SETL-9022,pay_jnxz6ytipa877k,138310,2766,497,135047
SETL-9022,pay_c6k8djzr5swk8t,265400,5308,955,259137
SETL-9022,pay_o9p4627nayyosy,432300,8646,1556,422098
SETL-9022,pay_s6nbnqbnxzu1em,2055100,41102,7398,2006600
SETL-9022,pay_m0a6mdmmmxixv6,260000,5200,936,253864
SETL-9022,pay_ntk63n2qb6gs8g,942000,18840,3391,919769
SETL-9022,pay_3bfh024kwk585x,602500,12050,2169,588281
SETL-9022,pay_4y89orvscyozpn,40500,810,145,39545
SETL-9022,pay_5gzpl1qweehwjq,36600,732,131,35737
SETL-9023,pay_ueybisbo551ldq,656500,13130,2363,641007
SETL-9023,pay_uu5wryesu4fcl5,98500,1970,354,96176
SETL-9023,pay_h1uf22eppprat0,50300,1006,181,49113
SETL-9023,pay_fgzvrctlt4q9bc,474100,9482,1706,462912
SETL-9023,pay_kz2u2tnheyr8ln,253900,5078,914,247908
SETL-9023,pay_y6t5padnbcj29y,139100,2782,500,135818
SETL-9023,pay_iqnf74t60plozj,992900,19858,3574,969468
SETL-9023,pay_o4busu9f8q8ghg,101800,2036,366,99398
SETL-9023,pay_0rlexdw6lqwlvu,481100,9622,1731,469747
SETL-9024,pay_haz7t0uum3i8qo,1967800,39356,7084,1921360
SETL-9024,pay_4vfk9sm7vnawjg,290100,5802,1044,283254
SETL-9024,pay_mh07wph6fe0mp2,4597500,91950,16551,4488999
SETL-9024,pay_a9oekntbz3m55i,1283600,25672,4620,1253308
SETL-9024,pay_ede1zublekvl9p,360200,7204,1296,351700
SETL-9024,pay_qerxdouadvwksh,147500,2950,531,144019
SETL-9024,pay_jfysyz7pq4ddv2,383800,7676,1381,374743
SETL-9024,pay_uu80mb1l6314cq,323600,6472,1164,315964
SETL-9025,pay_ul62cf4mntfvge,61500,1230,221,60049
SETL-9025,pay_a7zvky2refjqig,104600,2092,376,102132
SETL-9025,pay_vqebwuwqheyto5,375600,7512,1352,366736
SETL-9025,pay_s7yt2m6twd1xmx,176100,3522,633,171945
SETL-9025,pay_mjdxo100vhmygt,190200,3804,684,185712
SETL-9025,pay_jodck82853uy8u,130800,2616,470,127714
SETL-9025,pay_1vsmado8e7flqh,760100,15202,2736,742162
SETL-9025,pay_22iniwc5amln4p,367500,7350,1323,358827
SETL-9026,pay_ff7so8w5038hvq,35700,714,128,34858
SETL-9026,pay_7te8tvq05pxt6r,2622300,52446,9440,2560414
SETL-9026,pay_ypntrfzwkxxjve,186000,3720,669,181611
SETL-9026,pay_wb7sjwh55hewlg,235600,4712,848,230040
SETL-9026,pay_uxx8l2ddh0uyhn,488800,9776,1759,477265
SETL-9026,pay_4rs7gu0env5sn9,46600,932,167,45501
SETL-9026,pay_g3v23gxj0mqvin,2477600,49552,8919,2419129
SETL-9026,pay_xb02b6lkc86y5o,343200,6864,1235,335101
SETL-9027,pay_j49yd82795e5iz,548000,10960,1972,535068
SETL-9027,pay_gur9u1oe5ei28d,47500,950,171,46379
SETL-9027,pay_tgbcvarlw3mg25,99900,1998,359,97543
SETL-9027,pay_1whhkt1yjfe8ud,216000,4320,777,210903
SETL-9027,pay_ybno2y8b0h54pi,203600,4072,732,198796
SETL-9027,pay_mbnw8bkxcgw1vg,58300,1166,209,56925
SETL-9027,pay_984uvkyrmjljx8,432000,8640,1555,421805
SETL-9027,pay_5rlqiob0nlw0vs,512500,10250,1845,500405
SETL-9028,pay_j88qeoz0kz4z7w,682400,13648,2456,666296
SETL-9028,pay_3dxb3n27m5p7e1,323700,6474,1165,316061
SETL-9028,pay_3addqhkgad7x48,192300,3846,692,187762
SETL-9028,pay_hyl2ld05nhqr6f,157000,3140,565,153295
SETL-9028,pay_0qzsa7yvdqbsxl,296000,5920,1065,289015
SETL-9028,pay_11v127my89sfqe,290200,5804,1044,283352
SETL-9028,pay_hukwqvr1h61iao,120400,2408,433,117559
SETL-9028,pay_09bos0765icaut,927600,18552,3339,905709
SETL-9029,pay_kxwexkg6xb1r8v,466200,9324,1678,455198
SETL-9029,pay_jqfwwxr5rdnpx2,1433700,28674,5161,1399865
SETL-9029,pay_8rhnuxorzpgu2h,374600,7492,1348,365760
SETL-9029,pay_mpw5d3go8jn42x,533800,10676,1921,521203
SETL-9029,pay_euidjipnf8f3gr,487000,9740,1753,475507
SETL-9029,pay_45cri8bixoiq2q,119100,2382,428,116290
SETL-9029,pay_ezc7fov2ygnmby,518900,10378,1868,506654
SETL-9029,pay_voi8uyyf1irym8,743500,14870,2676,725954
SETL-9030,pay_c2jwjj0v60xng2,294100,5882,1058,287160
SETL-9030,pay_n5gjj8mgpp1noq,142700,2854,513,139333
SETL-9030,pay_fkjnawnga41izx,534500,10690,1924,521886
SETL-9030,pay_av71448n7odkef,101300,2026,364,98910
SETL-9030,pay_0q24bozl01q3m7,229700,4594,826,224280
SETL-9030,pay_2lhgcsotdhhlmh,988100,19762,3557,964781
SETL-9030,pay_cd31nrxd356waf,46000,920,165,44915
SETL-9030,pay_84nl65ujg1so1e,56400,1128,203,55069
SETL-9031,pay_twhwhy4h350p3c,90100,1802,324,87974
SETL-9031,pay_4yk1b3d5050ui2,337500,6750,1215,329535
SETL-9031,pay_1yrujoqw5dsk7n,56800,1136,204,55460
SETL-9031,pay_vpbl9ot7txkdot,593700,11874,2137,579689
SETL-9031,pay_i014o46w4jkfyi,361000,7220,1299,352481
SETL-9031,pay_o3m25a5piskffv,194000,3880,698,189422
SETL-9031,pay_rlf8a9kepadahp,202100,4042,727,197331
SETL-9031,pay_chm40oeytl8hbg,400300,8006,1441,390853
SETL-9032,pay_qxm0632cwt04ch,761600,15232,2741,743627
SETL-9032,pay_3litnt0mq8abka,123600,2472,444,120684
SETL-9032,pay_v07oxk8c1gra47,341100,6822,1227,333051
SETL-9032,pay_btr23qiua08ekx,172400,3448,620,168332
SETL-9032,pay_j2k8xpnmjqy3od,642900,12858,2314,627728
SETL-9032,pay_gwjeyub19txcyj,185600,3712,668,181220
SETL-9032,pay_cxz2ei9212pgym,148700,2974,535,145191
SETL-9032,pay_ayfquv9qezg5wz,712700,14254,2565,695881
SETL-9033,pay_2rtsoyg9zqyahu,140600,2812,506,137282
SETL-9033,pay_ze4ex6u86zjq7w,256200,5124,922,250154
SETL-9033,pay_ylnfxj4pnjy1o2,252700,5054,909,246737
SETL-9033,pay_lay64yfds0dji9,372400,7448,1340,363612
SETL-9033,pay_tteavt8k06moxs,739700,14794,2662,722244
SETL-9033,pay_18qqvaecw9yil8,105100,2102,378,102620
SETL-9033,pay_sosx43wfsqg8x8,137300,2746,494,134060
SETL-9033,pay_dmt8vt43pt5r5r,169200,3384,609,165207
SETL-9034,pay_d7oi0pesgbm65q,81600,1632,293,79675
SETL-9034,pay_rvdh8uzb7kr0ay,124900,2498,449,121953
SETL-9034,pay_5egtbxpspaqalu,2201400,44028,7925,2149447
SETL-9034,pay_non4uaauwidqj4,290931,5818,1047,284066
SETL-9034,pay_s2zge2j51b3jcz,286100,5722,1029,279349
SETL-9034,pay_9kkh4a3yjtu7fb,544400,10888,1959,531553
SETL-9034,pay_4qke2gjr81bmqf,364600,7292,1312,355996
SETL-9034,pay_8nbiquwrxze1hm,281000,5620,1011,274369
SETL-9035,pay_er7u8h0imjyjcm,4949600,98992,17818,4832790
SETL-9035,pay_61taa0i5ldslcb,379100,7582,1364,370154
SETL-9035,pay_rh05hhiwfd7yxw,436300,8726,1570,426004
SETL-9035,pay_s2wyjxtjgcedqq,114800,2296,413,112091
SETL-9035,pay_yirq8rtm4j3dab,1392500,27850,5013,1359637
SETL-9035,pay_fs8314y2lr0jy3,292226,5844,1051,285331
SETL-9035,pay_7azv2efuu8dd22,144300,2886,519,140895
SETL-9035,pay_2sug5hcbbmhnqo,664200,13284,2391,648525
SETL-2A-001,pay_ejcy127h6gmd47,600000,12000,2160,585840
SETL-2A-001,pay_zx25qbrmqg1ved,700000,14000,2520,683480
SETL-2A-001,pay_7b1ijiys2n75bx,500000,10000,1800,488200
SETL-2A-002,pay_rnu8c0s41kssvi,500000,10000,1800,488200
SETL-2A-002,pay_tgv44ftj5ccasb,500000,10000,1800,488200
SETL-2A-003,pay_9zn9i9h0dxho87,600000,12000,2160,585840
SETL-2A-003,pay_83y0224wk0yehv,400000,8000,1440,390560
SETL-2A-004,pay_774rzgyd49pso1,625000,12500,0,612500
SETL-2A-004,pay_yur4sor8wm9lbb,625000,12500,0,612500
SETL-2A-005,pay_9q2l48c1cqg433,450000,9000,1620,439380
SETL-2A-005,pay_1kfk7y6qxdsgv6,450000,9000,1620,439380
