shipment_id,order_id,carrier,tracking_number,status,shipped_at,delivered_at,created_at
SHIP-10001,ORD-10001,Bluedart,TRK126855092,DELIVERED,2024-05-05 20:14:00,2024-05-07 10:14:00,2024-05-05 20:14:00
SHIP-10002,ORD-10002,Delhivery,TRK890779946,DELIVERED,2024-01-17 23:08:00,2024-01-19 04:08:00,2024-01-17 23:08:00
SHIP-10003,ORD-10003,DTDC,TRK553035110,DELIVERED,2024-10-14 14:49:00,2024-10-16 03:49:00,2024-10-14 14:49:00
SHIP-10004,ORD-10004,Delhivery,TRK642621108,DELIVERED,2024-08-18 17:18:00,2024-08-20 05:18:00,2024-08-18 17:18:00
SHIP-10005,ORD-10005,DTDC,TRK550455977,DELIVERED,2024-06-24 08:12:00,2024-06-26 01:12:00,2024-06-24 08:12:00
SHIP-10006,ORD-10006,Bluedart,TRK914763202,DELIVERED,2024-07-13 22:34:00,2024-07-15 19:34:00,2024-07-13 22:34:00
SHIP-10007,ORD-10007,Ekart,TRK266944844,DELIVERED,2024-08-24 09:19:00,2024-08-25 15:19:00,2024-08-24 09:19:00
SHIP-10008,ORD-10008,Bluedart,TRK507943839,DELIVERED,2024-11-18 13:07:00,2024-11-21 03:07:00,2024-11-18 13:07:00
SHIP-10009,ORD-10009,Ekart,TRK966647391,DELIVERED,2024-01-25 17:20:00,2024-01-28 03:20:00,2024-01-25 17:20:00
SHIP-10010,ORD-10010,Bluedart,TRK506448196,DELIVERED,2024-07-13 23:40:00,2024-07-16 15:40:00,2024-07-13 23:40:00
SHIP-10011,ORD-10011,DTDC,TRK488302652,DELIVERED,2024-06-30 15:01:00,2024-07-01 17:01:00,2024-06-30 15:01:00
SHIP-10012,ORD-10012,Delhivery,TRK930075810,DELIVERED,2024-10-01 07:25:00,2024-10-02 21:25:00,2024-10-01 07:25:00
SHIP-10013,ORD-10013,Bluedart,TRK508157429,DELIVERED,2024-04-23 14:38:00,2024-04-25 00:38:00,2024-04-23 14:38:00
SHIP-10014,ORD-10014,Ekart,TRK481469012,DELIVERED,2024-06-11 02:19:00,2024-06-13 22:19:00,2024-06-11 02:19:00
SHIP-10015,ORD-10015,Bluedart,TRK754049436,DELIVERED,2024-07-22 19:44:00,2024-07-25 17:44:00,2024-07-22 19:44:00
SHIP-10016,ORD-10016,Delhivery,TRK275452091,DELIVERED,2024-10-15 07:32:00,2024-10-17 23:32:00,2024-10-15 07:32:00
SHIP-10017,ORD-10017,DTDC,TRK335809993,DELIVERED,2024-07-04 14:26:00,2024-07-06 04:26:00,2024-07-04 14:26:00
SHIP-10018,ORD-10018,Bluedart,TRK964411347,DELIVERED,2024-02-26 18:47:00,2024-02-27 22:47:00,2024-02-26 18:47:00
SHIP-10019,ORD-10019,Delhivery,TRK709004943,DELIVERED,2024-07-17 04:51:00,2024-07-18 17:51:00,2024-07-17 04:51:00
SHIP-10020,ORD-10020,FedEx,TRK524806516,DELIVERED,2024-01-07 18:03:00,2024-01-09 03:03:00,2024-01-07 18:03:00
SHIP-10022,ORD-10022,Ekart,TRK249926919,DELIVERED,2024-05-15 15:50:00,2024-05-18 01:50:00,2024-05-15 15:50:00
SHIP-10023,ORD-10023,Ekart,TRK902099969,DELIVERED,2024-11-24 16:53:00,2024-11-26 17:53:00,2024-11-24 16:53:00
SHIP-10024,ORD-10024,Ekart,TRK335493870,IN_TRANSIT,2024-09-28 10:57:00,,2024-09-28 10:57:00
SHIP-10025,ORD-10025,DTDC,TRK629908599,DELIVERED,2024-06-06 14:22:00,2024-06-07 21:22:00,2024-06-06 14:22:00
SHIP-10026,ORD-10026,Delhivery,TRK773715057,DELIVERED,2024-02-06 12:57:00,2024-02-09 02:57:00,2024-02-06 12:57:00
SHIP-10027,ORD-10027,Bluedart,TRK513140753,DELIVERED,2024-05-16 13:11:00,2024-05-18 22:11:00,2024-05-16 13:11:00
SHIP-10029,ORD-10029,Ekart,TRK694021782,DELIVERED,2024-08-19 09:29:00,2024-08-22 04:29:00,2024-08-19 09:29:00
SHIP-10030,ORD-10030,Bluedart,TRK831980933,DELIVERED,2024-10-10 21:45:00,2024-10-13 14:45:00,2024-10-10 21:45:00
SHIP-10031,ORD-10031,Ekart,TRK219778234,DELIVERED,2024-04-27 14:05:00,2024-04-29 19:05:00,2024-04-27 14:05:00
SHIP-10032,ORD-10032,Bluedart,TRK875340444,DELIVERED,2024-05-01 22:57:00,2024-05-04 06:57:00,2024-05-01 22:57:00
SHIP-10033,ORD-10033,Delhivery,TRK645119047,IN_TRANSIT,2024-05-05 06:59:00,,2024-05-05 06:59:00
SHIP-10034,ORD-10034,DTDC,TRK753876785,DELIVERED,2024-08-09 04:29:00,2024-08-12 04:29:00,2024-08-09 04:29:00
SHIP-10036,ORD-10036,Delhivery,TRK679153816,IN_TRANSIT,2024-04-09 04:47:00,,2024-04-09 04:47:00
SHIP-10037,ORD-10037,Bluedart,TRK743111853,DELIVERED,2024-08-24 14:09:00,2024-08-25 21:09:00,2024-08-24 14:09:00
SHIP-10038,ORD-10038,Ekart,TRK992994062,DELIVERED,2024-01-27 09:46:00,2024-01-28 12:46:00,2024-01-27 09:46:00
SHIP-10039,ORD-10039,Delhivery,TRK709194872,IN_TRANSIT,2024-07-27 23:49:00,,2024-07-27 23:49:00
SHIP-10040,ORD-10040,FedEx,TRK976198296,DELIVERED,2024-07-13 23:25:00,2024-07-15 07:25:00,2024-07-13 23:25:00
SHIP-10041,ORD-10041,Delhivery,TRK808402051,DELIVERED,2024-10-12 20:48:00,2024-10-14 06:48:00,2024-10-12 20:48:00
SHIP-10043,ORD-10043,Ekart,TRK666585408,DELIVERED,2024-10-27 10:40:00,2024-10-28 23:40:00,2024-10-27 10:40:00
SHIP-10044,ORD-10044,DTDC,TRK910959828,DELIVERED,2024-09-17 14:59:00,2024-09-20 11:59:00,2024-09-17 14:59:00
SHIP-10045,ORD-10045,Ekart,TRK528414718,IN_TRANSIT,2024-05-01 05:21:00,,2024-05-01 05:21:00
SHIP-10046,ORD-10046,FedEx,TRK655742829,DELIVERED,2024-01-22 08:09:00,2024-01-23 22:09:00,2024-01-22 08:09:00
SHIP-10047,ORD-10047,Bluedart,TRK463016614,DELIVERED,2024-04-15 20:56:00,2024-04-17 10:56:00,2024-04-15 20:56:00
SHIP-10048,ORD-10048,DTDC,TRK336456621,DELIVERED,2024-12-10 03:24:00,2024-12-11 17:24:00,2024-12-10 03:24:00
SHIP-10049,ORD-10049,Bluedart,TRK133729406,DELIVERED,2024-11-15 02:21:00,2024-11-17 10:21:00,2024-11-15 02:21:00
SHIP-10051,ORD-10051,Delhivery,TRK399012686,DELIVERED,2024-03-22 03:01:00,2024-03-24 13:01:00,2024-03-22 03:01:00
SHIP-10052,ORD-10052,Delhivery,TRK876693898,IN_TRANSIT,2024-12-08 17:28:00,,2024-12-08 17:28:00
SHIP-10053,ORD-10053,DTDC,TRK607526654,DELIVERED,2024-03-01 01:00:00,2024-03-03 03:00:00,2024-03-01 01:00:00
SHIP-10054,ORD-10054,Delhivery,TRK201281557,DELIVERED,2024-04-18 17:37:00,2024-04-20 15:37:00,2024-04-18 17:37:00
SHIP-10055,ORD-10055,FedEx,TRK541417711,DELIVERED,2024-05-08 08:07:00,2024-05-11 03:07:00,2024-05-08 08:07:00
SHIP-10056,ORD-10056,Bluedart,TRK165082363,DELIVERED,2024-06-19 20:54:00,2024-06-21 02:54:00,2024-06-19 20:54:00
SHIP-10057,ORD-10057,Delhivery,TRK305718272,DELIVERED,2024-10-10 18:28:00,2024-10-12 02:28:00,2024-10-10 18:28:00
SHIP-10058,ORD-10058,FedEx,TRK297018781,DELIVERED,2024-10-06 15:01:00,2024-10-07 19:01:00,2024-10-06 15:01:00
SHIP-10059,ORD-10059,FedEx,TRK967607278,DELIVERED,2024-01-23 08:25:00,2024-01-24 14:25:00,2024-01-23 08:25:00
SHIP-10060,ORD-10060,Bluedart,TRK800235246,IN_TRANSIT,2024-12-15 13:44:00,,2024-12-15 13:44:00
SHIP-10061,ORD-10061,Bluedart,TRK909134796,DELIVERED,2024-05-01 16:57:00,2024-05-03 18:57:00,2024-05-01 16:57:00
SHIP-10062,ORD-10062,FedEx,TRK616854671,DELIVERED,2024-06-20 08:07:00,2024-06-21 11:07:00,2024-06-20 08:07:00
SHIP-10063,ORD-10063,Delhivery,TRK506919288,DELIVERED,2024-02-26 07:11:00,2024-02-27 23:11:00,2024-02-26 07:11:00
SHIP-10064,ORD-10064,FedEx,TRK406284028,DELIVERED,2024-08-24 10:23:00,2024-08-27 04:23:00,2024-08-24 10:23:00
SHIP-10065,ORD-10065,FedEx,TRK266211829,DELIVERED,2024-12-03 18:28:00,2024-12-04 21:28:00,2024-12-03 18:28:00
SHIP-10066,ORD-10066,DTDC,TRK889991777,DELIVERED,2024-11-25 08:27:00,2024-11-26 11:27:00,2024-11-25 08:27:00
SHIP-10067,ORD-10067,Bluedart,TRK727255918,DELIVERED,2024-03-01 06:26:00,2024-03-02 16:26:00,2024-03-01 06:26:00
SHIP-10068,ORD-10068,Bluedart,TRK645276696,DELIVERED,2024-11-02 00:40:00,2024-11-03 04:40:00,2024-11-02 00:40:00
SHIP-10069,ORD-10069,DTDC,TRK172972420,DELIVERED,2024-09-18 16:26:00,2024-09-20 17:26:00,2024-09-18 16:26:00
SHIP-10070,ORD-10070,Bluedart,TRK711684318,DELIVERED,2024-08-11 07:44:00,2024-08-13 22:44:00,2024-08-11 07:44:00
SHIP-10071,ORD-10071,Bluedart,TRK550139320,DELIVERED,2024-12-10 06:28:00,2024-12-12 15:28:00,2024-12-10 06:28:00
SHIP-10072,ORD-10072,Ekart,TRK379995032,DELIVERED,2024-12-05 19:50:00,2024-12-07 10:50:00,2024-12-05 19:50:00
SHIP-10073,ORD-10073,Ekart,TRK524971817,DELIVERED,2024-07-29 01:44:00,2024-07-31 06:44:00,2024-07-29 01:44:00
SHIP-10074,ORD-10074,Ekart,TRK907308348,IN_TRANSIT,2024-12-06 18:51:00,,2024-12-06 18:51:00
SHIP-10075,ORD-10075,FedEx,TRK766964667,IN_TRANSIT,2024-07-27 03:10:00,,2024-07-27 03:10:00
SHIP-10076,ORD-10076,Bluedart,TRK677280546,DELIVERED,2024-10-24 09:51:00,2024-10-25 17:51:00,2024-10-24 09:51:00
SHIP-10077,ORD-10077,Ekart,TRK173864104,DELIVERED,2024-09-19 08:52:00,2024-09-21 02:52:00,2024-09-19 08:52:00
SHIP-10078,ORD-10078,Delhivery,TRK570497096,DELIVERED,2024-05-26 07:52:00,2024-05-28 22:52:00,2024-05-26 07:52:00
SHIP-10079,ORD-10079,DTDC,TRK108399996,DELIVERED,2024-12-11 08:23:00,2024-12-13 03:23:00,2024-12-11 08:23:00
SHIP-10080,ORD-10080,Bluedart,TRK244193987,DELIVERED,2024-05-06 00:44:00,2024-05-08 23:44:00,2024-05-06 00:44:00
SHIP-10081,ORD-10081,DTDC,TRK266910922,DELIVERED,2024-11-19 06:21:00,2024-11-22 03:21:00,2024-11-19 06:21:00
SHIP-10082,ORD-10082,Ekart,TRK318610946,DELIVERED,2024-05-04 18:42:00,2024-05-07 02:42:00,2024-05-04 18:42:00
SHIP-10083,ORD-10083,FedEx,TRK369639388,IN_TRANSIT,2024-04-01 05:43:00,,2024-04-01 05:43:00
SHIP-10084,ORD-10084,Bluedart,TRK781057736,DELIVERED,2024-03-10 04:47:00,2024-03-11 06:47:00,2024-03-10 04:47:00
SHIP-10085,ORD-10085,Bluedart,TRK458153605,DELIVERED,2024-08-07 07:30:00,2024-08-08 17:30:00,2024-08-07 07:30:00
SHIP-10086,ORD-10086,FedEx,TRK692362342,DELIVERED,2024-05-07 19:21:00,2024-05-08 19:21:00,2024-05-07 19:21:00
SHIP-10087,ORD-10087,Bluedart,TRK180792472,IN_TRANSIT,2024-05-02 18:44:00,,2024-05-02 18:44:00
SHIP-10088,ORD-10088,DTDC,TRK138684919,DELIVERED,2024-06-21 11:07:00,2024-06-23 22:07:00,2024-06-21 11:07:00
SHIP-10089,ORD-10089,Delhivery,TRK561479973,DELIVERED,2024-07-16 13:20:00,2024-07-18 12:20:00,2024-07-16 13:20:00
SHIP-10090,ORD-10090,Bluedart,TRK484194737,DELIVERED,2024-06-19 06:35:00,2024-06-22 00:35:00,2024-06-19 06:35:00
SHIP-10091,ORD-10091,Bluedart,TRK479759538,DELIVERED,2024-10-27 17:06:00,2024-10-30 08:06:00,2024-10-27 17:06:00
SHIP-10092,ORD-10092,Delhivery,TRK354194771,DELIVERED,2024-06-29 21:05:00,2024-07-01 23:05:00,2024-06-29 21:05:00
SHIP-10093,ORD-10093,Bluedart,TRK292587044,DELIVERED,2024-10-07 12:13:00,2024-10-09 14:13:00,2024-10-07 12:13:00
SHIP-10094,ORD-10094,Delhivery,TRK386480450,DELIVERED,2024-09-05 09:40:00,2024-09-07 09:40:00,2024-09-05 09:40:00
SHIP-10095,ORD-10095,Bluedart,TRK605399561,DELIVERED,2024-08-28 00:54:00,2024-08-29 22:54:00,2024-08-28 00:54:00
SHIP-10096,ORD-10096,Ekart,TRK981044229,DELIVERED,2024-12-05 13:15:00,2024-12-07 03:15:00,2024-12-05 13:15:00
SHIP-10097,ORD-10097,Bluedart,TRK808705238,DELIVERED,2024-01-27 00:31:00,2024-01-28 17:31:00,2024-01-27 00:31:00
SHIP-10098,ORD-10098,Bluedart,TRK930353157,DELIVERED,2024-07-14 07:02:00,2024-07-16 08:02:00,2024-07-14 07:02:00
SHIP-10099,ORD-10099,DTDC,TRK455569462,IN_TRANSIT,2024-08-28 09:55:00,,2024-08-28 09:55:00
SHIP-10100,ORD-10100,Ekart,TRK291735734,DELIVERED,2024-02-06 10:09:00,2024-02-07 12:09:00,2024-02-06 10:09:00
SHIP-10101,ORD-10101,Bluedart,TRK740563507,DELIVERED,2024-11-14 20:29:00,2024-11-16 23:29:00,2024-11-14 20:29:00
SHIP-10102,ORD-10102,DTDC,TRK649136331,DELIVERED,2024-08-27 22:21:00,2024-08-29 10:21:00,2024-08-27 22:21:00
SHIP-10103,ORD-10103,Ekart,TRK147659674,DELIVERED,2024-03-24 15:16:00,2024-03-27 00:16:00,2024-03-24 15:16:00
SHIP-10104,ORD-10104,DTDC,TRK837507241,DELIVERED,2024-07-23 10:24:00,2024-07-25 09:24:00,2024-07-23 10:24:00
SHIP-10105,ORD-10105,FedEx,TRK175133802,IN_TRANSIT,2024-06-04 13:43:00,,2024-06-04 13:43:00
SHIP-10106,ORD-10106,DTDC,TRK437064353,DELIVERED,2024-08-08 06:26:00,2024-08-11 04:26:00,2024-08-08 06:26:00
SHIP-10107,ORD-10107,Ekart,TRK644518647,DELIVERED,2024-09-07 22:47:00,2024-09-09 18:47:00,2024-09-07 22:47:00
SHIP-10108,ORD-10108,FedEx,TRK848621833,DELIVERED,2024-08-10 15:50:00,2024-08-12 03:50:00,2024-08-10 15:50:00
SHIP-10109,ORD-10109,FedEx,TRK813962536,IN_TRANSIT,2024-08-27 01:10:00,,2024-08-27 01:10:00
SHIP-10110,ORD-10110,DTDC,TRK711072118,DELIVERED,2024-02-15 08:01:00,2024-02-16 08:01:00,2024-02-15 08:01:00
SHIP-10111,ORD-10111,Ekart,TRK408071259,DELIVERED,2024-12-09 12:25:00,2024-12-12 02:25:00,2024-12-09 12:25:00
SHIP-10112,ORD-10112,Ekart,TRK599277266,DELIVERED,2024-04-19 00:04:00,2024-04-21 08:04:00,2024-04-19 00:04:00
SHIP-10113,ORD-10113,FedEx,TRK952266893,IN_TRANSIT,2024-10-11 11:34:00,,2024-10-11 11:34:00
SHIP-10114,ORD-10114,Bluedart,TRK404713332,DELIVERED,2024-07-28 07:41:00,2024-07-29 12:41:00,2024-07-28 07:41:00
SHIP-10115,ORD-10115,Delhivery,TRK822408848,DELIVERED,2024-09-09 02:57:00,2024-09-10 11:57:00,2024-09-09 02:57:00
SHIP-10117,ORD-10117,Bluedart,TRK149621604,DELIVERED,2024-09-29 08:43:00,2024-10-01 23:43:00,2024-09-29 08:43:00
SHIP-10118,ORD-10118,Bluedart,TRK588999385,DELIVERED,2024-05-19 09:35:00,2024-05-20 21:35:00,2024-05-19 09:35:00
SHIP-10119,ORD-10119,FedEx,TRK630833445,DELIVERED,2024-10-02 08:28:00,2024-10-05 01:28:00,2024-10-02 08:28:00
SHIP-10120,ORD-10120,Bluedart,TRK906341966,DELIVERED,2024-11-01 18:22:00,2024-11-03 21:22:00,2024-11-01 18:22:00
SHIP-10121,ORD-10121,Delhivery,TRK288856883,DELIVERED,2024-04-02 07:04:00,2024-04-04 12:04:00,2024-04-02 07:04:00
SHIP-10122,ORD-10122,Bluedart,TRK698509918,DELIVERED,2024-01-29 02:35:00,2024-01-31 07:35:00,2024-01-29 02:35:00
SHIP-10123,ORD-10123,Delhivery,TRK960514523,DELIVERED,2024-09-09 01:59:00,2024-09-11 12:59:00,2024-09-09 01:59:00
SHIP-10124,ORD-10124,DTDC,TRK440696084,IN_TRANSIT,2024-08-14 06:30:00,,2024-08-14 06:30:00
SHIP-10125,ORD-10125,DTDC,TRK975106572,DELIVERED,2024-02-04 10:47:00,2024-02-06 13:47:00,2024-02-04 10:47:00
SHIP-10126,ORD-10126,DTDC,TRK578796089,DELIVERED,2024-10-16 06:09:00,2024-10-18 10:09:00,2024-10-16 06:09:00
SHIP-10127,ORD-10127,Ekart,TRK907214179,DELIVERED,2024-08-02 09:58:00,2024-08-04 18:58:00,2024-08-02 09:58:00
SHIP-10128,ORD-10128,FedEx,TRK772966010,DELIVERED,2024-08-19 10:38:00,2024-08-20 14:38:00,2024-08-19 10:38:00
SHIP-10129,ORD-10129,Ekart,TRK351785565,DELIVERED,2024-11-13 17:46:00,2024-11-16 03:46:00,2024-11-13 17:46:00
SHIP-10130,ORD-10130,Bluedart,TRK248578017,DELIVERED,2024-05-16 15:21:00,2024-05-19 11:21:00,2024-05-16 15:21:00
SHIP-10131,ORD-10131,Delhivery,TRK858511779,DELIVERED,2024-03-21 19:43:00,2024-03-23 21:43:00,2024-03-21 19:43:00
SHIP-10132,ORD-10132,Ekart,TRK682624278,DELIVERED,2024-04-28 16:48:00,2024-04-30 05:48:00,2024-04-28 16:48:00
SHIP-10133,ORD-10133,FedEx,TRK518197538,IN_TRANSIT,2024-05-16 20:54:00,,2024-05-16 20:54:00
SHIP-10134,ORD-10134,Bluedart,TRK922050912,DELIVERED,2024-10-06 05:00:00,2024-10-07 05:00:00,2024-10-06 05:00:00
SHIP-10135,ORD-10135,Ekart,TRK420632895,DELIVERED,2024-02-01 00:51:00,2024-02-03 10:51:00,2024-02-01 00:51:00
SHIP-10136,ORD-10136,DTDC,TRK958851904,DELIVERED,2024-08-28 11:27:00,2024-08-30 18:27:00,2024-08-28 11:27:00
SHIP-10137,ORD-10137,Delhivery,TRK393062061,DELIVERED,2024-09-09 20:22:00,2024-09-11 20:22:00,2024-09-09 20:22:00
SHIP-10138,ORD-10138,Ekart,TRK818197581,DELIVERED,2024-11-06 02:08:00,2024-11-09 00:08:00,2024-11-06 02:08:00
SHIP-10139,ORD-10139,Delhivery,TRK601856351,IN_TRANSIT,2024-05-18 17:20:00,,2024-05-18 17:20:00
SHIP-10140,ORD-10140,Bluedart,TRK523076025,DELIVERED,2024-11-29 21:15:00,2024-12-01 02:15:00,2024-11-29 21:15:00
SHIP-10141,ORD-10141,FedEx,TRK245706210,DELIVERED,2024-02-17 02:33:00,2024-02-18 05:33:00,2024-02-17 02:33:00
SHIP-10142,ORD-10142,Ekart,TRK507059676,DELIVERED,2024-03-24 06:45:00,2024-03-26 02:45:00,2024-03-24 06:45:00
SHIP-10143,ORD-10143,Ekart,TRK917364173,DELIVERED,2024-07-25 07:19:00,2024-07-28 07:19:00,2024-07-25 07:19:00
SHIP-10144,ORD-10144,FedEx,TRK370874491,DELIVERED,2024-03-01 10:07:00,2024-03-02 11:07:00,2024-03-01 10:07:00
SHIP-10145,ORD-10145,DTDC,TRK155926488,IN_TRANSIT,2024-10-05 07:42:00,,2024-10-05 07:42:00
SHIP-10146,ORD-10146,Delhivery,TRK798086909,DELIVERED,2024-11-16 21:59:00,2024-11-19 21:59:00,2024-11-16 21:59:00
SHIP-10147,ORD-10147,Bluedart,TRK365518424,DELIVERED,2024-05-27 21:04:00,2024-05-30 12:04:00,2024-05-27 21:04:00
SHIP-10148,ORD-10148,Delhivery,TRK356135680,DELIVERED,2024-11-07 16:50:00,2024-11-10 04:50:00,2024-11-07 16:50:00
SHIP-10149,ORD-10149,Delhivery,TRK599326438,DELIVERED,2024-02-18 01:11:00,2024-02-19 11:11:00,2024-02-18 01:11:00
SHIP-10150,ORD-10150,DTDC,TRK752027025,IN_TRANSIT,2024-03-20 01:07:00,,2024-03-20 01:07:00
SHIP-10151,ORD-10151,Delhivery,TRK433975497,DELIVERED,2024-07-31 21:31:00,2024-08-02 16:31:00,2024-07-31 21:31:00
SHIP-10152,ORD-10152,DTDC,TRK827296111,IN_TRANSIT,2024-11-03 10:55:00,,2024-11-03 10:55:00
SHIP-10153,ORD-10153,FedEx,TRK867741192,DELIVERED,2024-06-24 16:37:00,2024-06-27 12:37:00,2024-06-24 16:37:00
SHIP-10154,ORD-10154,Delhivery,TRK209415691,DELIVERED,2024-10-28 09:58:00,2024-10-31 04:58:00,2024-10-28 09:58:00
SHIP-10155,ORD-10155,DTDC,TRK964929067,DELIVERED,2024-06-26 10:39:00,2024-06-27 12:39:00,2024-06-26 10:39:00
SHIP-10156,ORD-10156,Ekart,TRK672030854,DELIVERED,2024-04-07 15:21:00,2024-04-08 19:21:00,2024-04-07 15:21:00
SHIP-10157,ORD-10157,DTDC,TRK795294275,DELIVERED,2024-06-12 18:39:00,2024-06-15 01:39:00,2024-06-12 18:39:00
SHIP-10158,ORD-10158,Bluedart,TRK565492204,IN_TRANSIT,2024-11-30 00:33:00,,2024-11-30 00:33:00
SHIP-10159,ORD-10159,Delhivery,TRK567600762,DELIVERED,2024-10-30 09:00:00,2024-11-02 02:00:00,2024-10-30 09:00:00
SHIP-10160,ORD-10160,Ekart,TRK761330848,DELIVERED,2024-08-22 00:03:00,2024-08-24 06:03:00,2024-08-22 00:03:00
SHIP-10161,ORD-10161,FedEx,TRK567694547,DELIVERED,2024-05-16 10:57:00,2024-05-18 03:57:00,2024-05-16 10:57:00
SHIP-10162,ORD-10162,Ekart,TRK363598427,DELIVERED,2024-07-13 18:44:00,2024-07-15 11:44:00,2024-07-13 18:44:00
SHIP-10163,ORD-10163,FedEx,TRK361846370,DELIVERED,2024-11-13 02:18:00,2024-11-15 17:18:00,2024-11-13 02:18:00
SHIP-10164,ORD-10164,FedEx,TRK461203124,DELIVERED,2024-02-17 05:23:00,2024-02-18 16:23:00,2024-02-17 05:23:00
SHIP-10165,ORD-10165,FedEx,TRK327761953,DELIVERED,2024-06-02 14:16:00,2024-06-04 11:16:00,2024-06-02 14:16:00
SHIP-10166,ORD-10166,Ekart,TRK740116562,DELIVERED,2024-07-11 03:23:00,2024-07-13 14:23:00,2024-07-11 03:23:00
SHIP-10167,ORD-10167,Bluedart,TRK654724287,IN_TRANSIT,2024-03-28 13:10:00,,2024-03-28 13:10:00
SHIP-10168,ORD-10168,Delhivery,TRK873174285,DELIVERED,2024-09-12 17:21:00,2024-09-15 17:21:00,2024-09-12 17:21:00
SHIP-10169,ORD-10169,Delhivery,TRK841536135,DELIVERED,2024-12-07 22:16:00,2024-12-10 02:16:00,2024-12-07 22:16:00
SHIP-10170,ORD-10170,Bluedart,TRK199915275,DELIVERED,2024-03-21 20:48:00,2024-03-24 16:48:00,2024-03-21 20:48:00
SHIP-10172,ORD-10172,Delhivery,TRK428786222,DELIVERED,2024-02-25 00:42:00,2024-02-27 06:42:00,2024-02-25 00:42:00
SHIP-10173,ORD-10173,DTDC,TRK670073085,DELIVERED,2024-01-13 20:32:00,2024-01-15 17:32:00,2024-01-13 20:32:00
SHIP-10174,ORD-10174,Ekart,TRK854684750,DELIVERED,2024-05-26 22:41:00,2024-05-28 14:41:00,2024-05-26 22:41:00
SHIP-10175,ORD-10175,Delhivery,TRK229553265,DELIVERED,2024-11-14 01:00:00,2024-11-15 08:00:00,2024-11-14 01:00:00
SHIP-10176,ORD-10176,DTDC,TRK918394863,DELIVERED,2024-11-18 08:17:00,2024-11-19 21:17:00,2024-11-18 08:17:00
SHIP-10177,ORD-10177,FedEx,TRK396889215,DELIVERED,2024-07-06 21:19:00,2024-07-09 11:19:00,2024-07-06 21:19:00
SHIP-10178,ORD-10178,Ekart,TRK207939087,DELIVERED,2024-03-30 21:20:00,2024-04-01 11:20:00,2024-03-30 21:20:00
SHIP-10179,ORD-10179,Ekart,TRK292673892,DELIVERED,2024-05-20 04:21:00,2024-05-21 12:21:00,2024-05-20 04:21:00
SHIP-10180,ORD-10180,Ekart,TRK148872110,IN_TRANSIT,2024-02-29 13:22:00,,2024-02-29 13:22:00
SHIP-10181,ORD-10181,Ekart,TRK848846217,IN_TRANSIT,2024-12-12 09:58:00,,2024-12-12 09:58:00
SHIP-10182,ORD-10182,Bluedart,TRK113169872,DELIVERED,2024-01-09 05:39:00,2024-01-11 11:39:00,2024-01-09 05:39:00
SHIP-10183,ORD-10183,FedEx,TRK465830215,DELIVERED,2024-12-10 15:49:00,2024-12-12 07:49:00,2024-12-10 15:49:00
SHIP-10184,ORD-10184,FedEx,TRK222500131,DELIVERED,2024-04-30 09:16:00,2024-05-02 16:16:00,2024-04-30 09:16:00
SHIP-10185,ORD-10185,Bluedart,TRK719571745,DELIVERED,2024-11-27 09:42:00,2024-11-28 18:42:00,2024-11-27 09:42:00
SHIP-10186,ORD-10186,Delhivery,TRK970957171,DELIVERED,2024-02-29 19:12:00,2024-03-02 00:12:00,2024-02-29 19:12:00
SHIP-10187,ORD-10187,Delhivery,TRK227186396,DELIVERED,2024-02-20 03:14:00,2024-02-22 17:14:00,2024-02-20 03:14:00
SHIP-10188,ORD-10188,DTDC,TRK949051496,DELIVERED,2024-12-10 21:48:00,2024-12-12 21:48:00,2024-12-10 21:48:00
SHIP-10189,ORD-10189,FedEx,TRK575368059,DELIVERED,2024-08-01 20:12:00,2024-08-03 23:12:00,2024-08-01 20:12:00
SHIP-10191,ORD-10191,Ekart,TRK710561240,DELIVERED,2024-12-17 20:36:00,2024-12-20 20:36:00,2024-12-17 20:36:00
SHIP-10192,ORD-10192,Delhivery,TRK771641650,DELIVERED,2024-05-21 14:27:00,2024-05-23 00:27:00,2024-05-21 14:27:00
SHIP-10193,ORD-10193,Delhivery,TRK286630878,DELIVERED,2024-11-25 07:42:00,2024-11-26 07:42:00,2024-11-25 07:42:00
SHIP-10194,ORD-10194,FedEx,TRK583724666,DELIVERED,2024-03-06 15:23:00,2024-03-08 09:23:00,2024-03-06 15:23:00
SHIP-10195,ORD-10195,Bluedart,TRK348545713,DELIVERED,2024-04-30 01:56:00,2024-05-02 21:56:00,2024-04-30 01:56:00
SHIP-10196,ORD-10196,FedEx,TRK176428684,DELIVERED,2024-03-08 07:19:00,2024-03-10 23:19:00,2024-03-08 07:19:00
SHIP-10197,ORD-10197,DTDC,TRK809939880,DELIVERED,2024-01-14 16:02:00,2024-01-16 19:02:00,2024-01-14 16:02:00
SHIP-10198,ORD-10198,Bluedart,TRK684719405,DELIVERED,2024-01-09 15:23:00,2024-01-11 08:23:00,2024-01-09 15:23:00
SHIP-10199,ORD-10199,Delhivery,TRK176675731,DELIVERED,2024-02-03 06:38:00,2024-02-05 20:38:00,2024-02-03 06:38:00
SHIP-10200,ORD-10200,DTDC,TRK409893263,DELIVERED,2024-08-20 12:29:00,2024-08-23 08:29:00,2024-08-20 12:29:00
SHIP-10201,ORD-10201,Ekart,TRK851333320,DELIVERED,2024-09-23 23:36:00,2024-09-26 07:36:00,2024-09-23 23:36:00
SHIP-10202,ORD-10202,DTDC,TRK630208579,DELIVERED,2024-07-24 21:02:00,2024-07-27 00:02:00,2024-07-24 21:02:00
SHIP-10203,ORD-10203,Ekart,TRK748232591,DELIVERED,2024-06-14 03:27:00,2024-06-15 17:27:00,2024-06-14 03:27:00
SHIP-10204,ORD-10204,DTDC,TRK730418447,IN_TRANSIT,2024-07-15 09:35:00,,2024-07-15 09:35:00
SHIP-10205,ORD-10205,DTDC,TRK143198431,DELIVERED,2024-02-21 09:22:00,2024-02-23 15:22:00,2024-02-21 09:22:00
SHIP-10206,ORD-10206,DTDC,TRK799552991,DELIVERED,2024-04-27 03:27:00,2024-04-28 14:27:00,2024-04-27 03:27:00
SHIP-10207,ORD-10207,DTDC,TRK568027936,DELIVERED,2024-02-19 07:31:00,2024-02-20 12:31:00,2024-02-19 07:31:00
SHIP-10208,ORD-10208,FedEx,TRK473620340,DELIVERED,2024-12-18 07:18:00,2024-12-21 01:18:00,2024-12-18 07:18:00
SHIP-10209,ORD-10209,Bluedart,TRK272684373,DELIVERED,2024-02-20 21:00:00,2024-02-22 15:00:00,2024-02-20 21:00:00
SHIP-10210,ORD-10210,FedEx,TRK973559879,DELIVERED,2024-10-28 00:40:00,2024-10-30 05:40:00,2024-10-28 00:40:00
SHIP-10211,ORD-10211,Bluedart,TRK437710224,DELIVERED,2024-12-06 23:14:00,2024-12-09 00:14:00,2024-12-06 23:14:00
SHIP-10212,ORD-10212,DTDC,TRK985758835,IN_TRANSIT,2024-06-09 10:25:00,,2024-06-09 10:25:00
SHIP-10213,ORD-10213,FedEx,TRK543721204,DELIVERED,2024-04-25 01:27:00,2024-04-27 00:27:00,2024-04-25 01:27:00
SHIP-10214,ORD-10214,DTDC,TRK912224654,DELIVERED,2024-05-23 14:29:00,2024-05-26 14:29:00,2024-05-23 14:29:00
SHIP-10215,ORD-10215,Bluedart,TRK318568997,DELIVERED,2024-01-15 15:36:00,2024-01-17 09:36:00,2024-01-15 15:36:00
SHIP-10216,ORD-10216,FedEx,TRK849740261,DELIVERED,2024-01-04 11:58:00,2024-01-07 03:58:00,2024-01-04 11:58:00
SHIP-10217,ORD-10217,DTDC,TRK958256589,DELIVERED,2024-11-20 11:11:00,2024-11-22 06:11:00,2024-11-20 11:11:00
SHIP-10218,ORD-10218,DTDC,TRK114682844,DELIVERED,2024-08-20 18:27:00,2024-08-22 08:27:00,2024-08-20 18:27:00
SHIP-10219,ORD-10219,Bluedart,TRK595475899,IN_TRANSIT,2024-02-13 11:17:00,,2024-02-13 11:17:00
SHIP-10220,ORD-10220,FedEx,TRK869446962,DELIVERED,2024-05-20 04:49:00,2024-05-22 06:49:00,2024-05-20 04:49:00
SHIP-10221,ORD-10221,FedEx,TRK607042130,DELIVERED,2024-04-21 15:16:00,2024-04-23 00:16:00,2024-04-21 15:16:00
SHIP-10222,ORD-10222,FedEx,TRK304666325,IN_TRANSIT,2024-12-14 16:40:00,,2024-12-14 16:40:00
SHIP-10223,ORD-10223,Delhivery,TRK174958005,DELIVERED,2024-07-22 14:04:00,2024-07-24 11:04:00,2024-07-22 14:04:00
SHIP-10224,ORD-10224,DTDC,TRK386874458,DELIVERED,2024-05-11 00:24:00,2024-05-13 22:24:00,2024-05-11 00:24:00
SHIP-10225,ORD-10225,Ekart,TRK999232921,DELIVERED,2024-03-31 01:33:00,2024-04-01 10:33:00,2024-03-31 01:33:00
SHIP-10226,ORD-10226,FedEx,TRK678296492,DELIVERED,2024-12-09 03:11:00,2024-12-11 14:11:00,2024-12-09 03:11:00
SHIP-10227,ORD-10227,DTDC,TRK505026213,DELIVERED,2024-08-23 19:11:00,2024-08-25 07:11:00,2024-08-23 19:11:00
SHIP-10228,ORD-10228,Delhivery,TRK713963047,DELIVERED,2024-11-24 08:21:00,2024-11-25 10:21:00,2024-11-24 08:21:00
SHIP-10229,ORD-10229,Ekart,TRK899621068,DELIVERED,2024-11-13 09:04:00,2024-11-15 09:04:00,2024-11-13 09:04:00
SHIP-10230,ORD-10230,Delhivery,TRK631855083,IN_TRANSIT,2024-02-24 17:34:00,,2024-02-24 17:34:00
SHIP-10231,ORD-10231,DTDC,TRK733701411,DELIVERED,2024-06-08 08:23:00,2024-06-10 12:23:00,2024-06-08 08:23:00
SHIP-10232,ORD-10232,Bluedart,TRK664735673,IN_TRANSIT,2024-11-20 09:53:00,,2024-11-20 09:53:00
SHIP-10233,ORD-10233,Delhivery,TRK540211187,DELIVERED,2024-04-30 13:17:00,2024-05-01 17:17:00,2024-04-30 13:17:00
SHIP-10234,ORD-10234,FedEx,TRK939156387,IN_TRANSIT,2024-12-01 18:14:00,,2024-12-01 18:14:00
SHIP-10235,ORD-10235,DTDC,TRK843785903,DELIVERED,2024-12-15 02:42:00,2024-12-16 23:42:00,2024-12-15 02:42:00
SHIP-10236,ORD-10236,DTDC,TRK508031980,IN_TRANSIT,2024-03-19 11:06:00,,2024-03-19 11:06:00
SHIP-10237,ORD-10237,DTDC,TRK138546365,DELIVERED,2024-06-30 05:21:00,2024-07-02 21:21:00,2024-06-30 05:21:00
SHIP-10238,ORD-10238,Ekart,TRK344261532,DELIVERED,2024-07-08 04:18:00,2024-07-09 10:18:00,2024-07-08 04:18:00
SHIP-10239,ORD-10239,Bluedart,TRK576396216,DELIVERED,2024-07-16 05:51:00,2024-07-17 06:51:00,2024-07-16 05:51:00
SHIP-10240,ORD-10240,Bluedart,TRK448294647,DELIVERED,2024-06-14 10:50:00,2024-06-16 08:50:00,2024-06-14 10:50:00
SHIP-10241,ORD-10241,Ekart,TRK562446417,DELIVERED,2024-06-25 20:16:00,2024-06-27 22:16:00,2024-06-25 20:16:00
SHIP-10242,ORD-10242,DTDC,TRK832077572,DELIVERED,2024-08-13 01:48:00,2024-08-14 12:48:00,2024-08-13 01:48:00
SHIP-10243,ORD-10243,Bluedart,TRK754436820,DELIVERED,2024-05-25 01:43:00,2024-05-27 08:43:00,2024-05-25 01:43:00
SHIP-10244,ORD-10244,DTDC,TRK253671484,DELIVERED,2024-06-20 16:24:00,2024-06-22 21:24:00,2024-06-20 16:24:00
SHIP-10245,ORD-10245,Ekart,TRK816014770,DELIVERED,2024-12-03 15:56:00,2024-12-05 09:56:00,2024-12-03 15:56:00
SHIP-10246,ORD-10246,DTDC,TRK269625036,DELIVERED,2024-06-29 02:43:00,2024-07-01 15:43:00,2024-06-29 02:43:00
SHIP-10247,ORD-10247,Ekart,TRK786055206,IN_TRANSIT,2024-06-08 07:42:00,,2024-06-08 07:42:00
SHIP-10248,ORD-10248,FedEx,TRK424400672,DELIVERED,2024-02-18 14:58:00,2024-02-20 20:58:00,2024-02-18 14:58:00
SHIP-10249,ORD-10249,Bluedart,TRK354697684,DELIVERED,2024-06-07 22:16:00,2024-06-10 10:16:00,2024-06-07 22:16:00
SHIP-10250,ORD-10250,Ekart,TRK850845198,DELIVERED,2024-03-11 22:09:00,2024-03-13 15:09:00,2024-03-11 22:09:00
SHIP-10251,ORD-10251,Bluedart,TRK707661655,DELIVERED,2024-10-04 07:13:00,2024-10-06 21:13:00,2024-10-04 07:13:00
SHIP-10252,ORD-10252,FedEx,TRK994253959,IN_TRANSIT,2024-11-02 03:15:00,,2024-11-02 03:15:00
SHIP-10253,ORD-10253,Delhivery,TRK751831074,DELIVERED,2024-01-24 02:25:00,2024-01-26 18:25:00,2024-01-24 02:25:00
SHIP-10254,ORD-10254,Delhivery,TRK766676815,DELIVERED,2024-08-17 17:52:00,2024-08-20 09:52:00,2024-08-17 17:52:00
SHIP-10255,ORD-10255,Bluedart,TRK773728014,DELIVERED,2024-12-14 09:30:00,2024-12-16 13:30:00,2024-12-14 09:30:00
SHIP-10256,ORD-10256,Bluedart,TRK722312633,DELIVERED,2024-09-27 23:28:00,2024-09-29 04:28:00,2024-09-27 23:28:00
SHIP-10257,ORD-10257,Ekart,TRK450811990,DELIVERED,2024-11-25 02:56:00,2024-11-26 14:56:00,2024-11-25 02:56:00
SHIP-10258,ORD-10258,Delhivery,TRK944511703,DELIVERED,2024-03-05 02:10:00,2024-03-07 11:10:00,2024-03-05 02:10:00
SHIP-10259,ORD-10259,DTDC,TRK392624015,DELIVERED,2024-03-17 03:20:00,2024-03-19 09:20:00,2024-03-17 03:20:00
SHIP-10260,ORD-10260,Ekart,TRK901611993,DELIVERED,2024-01-14 22:12:00,2024-01-17 03:12:00,2024-01-14 22:12:00
SHIP-10261,ORD-10261,Bluedart,TRK251136695,DELIVERED,2024-02-12 00:26:00,2024-02-14 19:26:00,2024-02-12 00:26:00
SHIP-10262,ORD-10262,FedEx,TRK963919401,DELIVERED,2024-03-15 12:07:00,2024-03-17 13:07:00,2024-03-15 12:07:00
SHIP-10263,ORD-10263,Bluedart,TRK383960237,DELIVERED,2024-08-29 10:50:00,2024-08-31 09:50:00,2024-08-29 10:50:00
SHIP-10264,ORD-10264,Ekart,TRK727666622,DELIVERED,2024-04-20 21:41:00,2024-04-22 03:41:00,2024-04-20 21:41:00
SHIP-10265,ORD-10265,Delhivery,TRK606244434,DELIVERED,2024-05-28 06:24:00,2024-05-30 02:24:00,2024-05-28 06:24:00
SHIP-10266,ORD-10266,DTDC,TRK337691219,DELIVERED,2024-11-15 10:09:00,2024-11-18 06:09:00,2024-11-15 10:09:00
SHIP-10267,ORD-10267,Ekart,TRK797115550,DELIVERED,2024-11-20 02:52:00,2024-11-21 04:52:00,2024-11-20 02:52:00
SHIP-10268,ORD-10268,Bluedart,TRK426808977,IN_TRANSIT,2024-01-02 04:41:00,,2024-01-02 04:41:00
SHIP-10269,ORD-10269,Bluedart,TRK352114611,DELIVERED,2024-09-25 21:08:00,2024-09-27 21:08:00,2024-09-25 21:08:00
SHIP-10270,ORD-10270,FedEx,TRK498370582,DELIVERED,2024-09-17 16:12:00,2024-09-19 18:12:00,2024-09-17 16:12:00
SHIP-10271,ORD-10271,DTDC,TRK897005281,DELIVERED,2024-07-18 06:34:00,2024-07-20 23:34:00,2024-07-18 06:34:00
SHIP-10272,ORD-10272,Bluedart,TRK995171130,DELIVERED,2024-05-04 18:46:00,2024-05-06 11:46:00,2024-05-04 18:46:00
SHIP-10273,ORD-10273,Bluedart,TRK841183219,DELIVERED,2024-06-30 13:30:00,2024-07-02 17:30:00,2024-06-30 13:30:00
SHIP-10274,ORD-10274,Delhivery,TRK489431174,DELIVERED,2024-09-03 13:27:00,2024-09-05 23:27:00,2024-09-03 13:27:00
SHIP-10275,ORD-10275,Ekart,TRK165015165,DELIVERED,2024-01-19 21:29:00,2024-01-21 04:29:00,2024-01-19 21:29:00
SHIP-10276,ORD-10276,FedEx,TRK198433586,DELIVERED,2024-06-07 22:36:00,2024-06-09 01:36:00,2024-06-07 22:36:00
SHIP-10277,ORD-10277,Ekart,TRK361530104,IN_TRANSIT,2024-01-20 20:30:00,,2024-01-20 20:30:00
SHIP-10278,ORD-10278,Delhivery,TRK173669588,DELIVERED,2024-05-20 03:03:00,2024-05-21 16:03:00,2024-05-20 03:03:00
SHIP-10279,ORD-10279,DTDC,TRK331875999,DELIVERED,2024-07-16 23:14:00,2024-07-18 20:14:00,2024-07-16 23:14:00
SHIP-10280,ORD-10280,Delhivery,TRK946799779,IN_TRANSIT,2024-05-16 08:57:00,,2024-05-16 08:57:00
SHIP-10281,ORD-10281,Ekart,TRK255357534,IN_TRANSIT,2024-10-07 08:38:00,,2024-10-07 08:38:00
SHIP-10282,ORD-10282,Ekart,TRK957397689,DELIVERED,2024-06-05 20:50:00,2024-06-07 04:50:00,2024-06-05 20:50:00
SHIP-10283,ORD-10283,Bluedart,TRK484659715,DELIVERED,2024-06-29 03:08:00,2024-07-01 16:08:00,2024-06-29 03:08:00
SHIP-10284,ORD-10284,Ekart,TRK116944811,DELIVERED,2024-05-21 03:55:00,2024-05-22 11:55:00,2024-05-21 03:55:00
SHIP-10285,ORD-10285,FedEx,TRK664880035,DELIVERED,2024-07-26 19:40:00,2024-07-29 01:40:00,2024-07-26 19:40:00
SHIP-10286,ORD-10286,FedEx,TRK935389432,DELIVERED,2024-11-08 21:56:00,2024-11-10 03:56:00,2024-11-08 21:56:00
SHIP-10287,ORD-10287,FedEx,TRK640992677,DELIVERED,2024-11-26 18:28:00,2024-11-29 16:28:00,2024-11-26 18:28:00
SHIP-10288,ORD-10288,DTDC,TRK423873102,DELIVERED,2024-12-13 20:36:00,2024-12-14 23:36:00,2024-12-13 20:36:00
SHIP-10289,ORD-10289,FedEx,TRK531233244,DELIVERED,2024-09-28 20:41:00,2024-10-01 03:41:00,2024-09-28 20:41:00
SHIP-10290,ORD-10290,FedEx,TRK178910051,DELIVERED,2024-01-15 15:19:00,2024-01-18 05:19:00,2024-01-15 15:19:00
SHIP-10301,ORD-10301,Delhivery,TRK170525764,DELIVERED,2024-01-30 03:39:00,2024-02-01 14:39:00,2024-01-30 03:39:00
SHIP-10302,ORD-10302,Ekart,TRK508992977,IN_TRANSIT,2024-04-26 09:42:00,,2024-04-26 09:42:00
SHIP-10303,ORD-10303,Ekart,TRK587173220,DELIVERED,2024-11-22 12:21:00,2024-11-23 18:21:00,2024-11-22 12:21:00
SHIP-10304,ORD-10304,Bluedart,TRK802992685,DELIVERED,2024-09-15 19:24:00,2024-09-18 17:24:00,2024-09-15 19:24:00
SHIP-10305,ORD-10305,Delhivery,TRK561784080,DELIVERED,2024-06-22 07:16:00,2024-06-24 09:16:00,2024-06-22 07:16:00
SHIP-10316,ORD-10316,Ekart,TRK988434627,DELIVERED,2024-05-25 11:16:00,2024-05-28 09:16:00,2024-05-25 11:16:00
SHIP-10317,ORD-10317,Bluedart,TRK435596237,DELIVERED,2024-01-05 18:15:00,2024-01-07 17:15:00,2024-01-05 18:15:00
SHIP-10318,ORD-10318,Delhivery,TRK837468465,IN_TRANSIT,2024-07-25 19:28:00,,2024-07-25 19:28:00
SHIP-10319,ORD-10319,Bluedart,TRK993108266,DELIVERED,2024-05-27 21:40:00,2024-05-29 03:40:00,2024-05-27 21:40:00
SHIP-10320,ORD-10320,Ekart,TRK971630639,DELIVERED,2024-03-06 11:18:00,2024-03-09 00:18:00,2024-03-06 11:18:00
