payment_id,order_id,amount,currency,status,payment_method,payment_captured_at,created_at
pay_w76xatoaztkszp,ORD-10001,750500,INR,captured,upi,2024-05-05 07:14:00,2024-05-05 07:14:00
pay_ddfgs3jonou9iy,ORD-10002,495500,INR,captured,card,2024-01-17 00:08:00,2024-01-17 00:08:00
pay_x41dntcagrp2u4,ORD-10003,193300,INR,captured,upi,2024-10-14 06:49:00,2024-10-14 06:49:00
pay_67i6yuj7yktxg4,ORD-10004,380400,INR,captured,netbanking,2024-08-17 18:18:00,2024-08-17 18:18:00
pay_8v1zocfi4o6l1f,ORD-10005,223000,INR,captured,card,2024-06-23 08:12:00,2024-06-23 08:12:00
pay_s9bp4m18o1bj9r,ORD-10006,803800,INR,captured,netbanking,2024-07-13 03:34:00,2024-07-13 03:34:00
pay_tngvn1kicjn2fo,ORD-10007,398700,INR,captured,wallet,2024-08-23 17:19:00,2024-08-23 17:19:00
pay_dalmjegqtoamdv,ORD-10008,390000,INR,captured,netbanking,2024-11-17 20:07:00,2024-11-17 20:07:00
pay_5ao20u9isygjjf,ORD-10009,44100,INR,captured,upi,2024-01-24 21:20:00,2024-01-24 21:20:00
pay_pprcjiwvhdk8lw,ORD-10010,232600,INR,captured,upi,2024-07-13 08:40:00,2024-07-13 08:40:00
pay_pp3xvkvzrgol0w,ORD-10011,201500,INR,captured,card,2024-06-30 07:01:00,2024-06-30 07:01:00
pay_2lk2n7h9g1a07h,ORD-10012,430200,INR,captured,card,2024-09-30 23:25:00,2024-09-30 23:25:00
pay_3c42yfkjfpnqvu,ORD-10013,143900,INR,captured,netbanking,2024-04-22 21:38:00,2024-04-22 21:38:00
pay_s7yt2m6twd1xmx,ORD-10014,176100,INR,captured,card,2024-06-10 12:19:00,2024-06-10 12:19:00
pay_uxx8l2ddh0uyhn,ORD-10015,488800,INR,captured,card,2024-07-21 20:44:00,2024-07-21 20:44:00
pay_1vsmado8e7flqh,ORD-10016,760100,INR,captured,upi,2024-10-14 17:32:00,2024-10-14 17:32:00
pay_mdzqcbzamd270s,ORD-10017,213400,INR,captured,upi,2024-07-04 07:26:00,2024-07-04 07:26:00
pay_fu8iogxpbwhvnz,ORD-10018,452600,INR,captured,card,2024-02-26 04:47:00,2024-02-26 04:47:00
pay_kz2u2tnheyr8ln,ORD-10019,253900,INR,captured,wallet,2024-07-16 12:51:00,2024-07-16 12:51:00
pay_vm4w3zkwdeekgy,ORD-10020,143200,INR,captured,card,2024-01-06 22:03:00,2024-01-06 22:03:00
pay_nvuprt77ggkg4w,ORD-10021,99500,INR,captured,card,2024-02-27 09:39:00,2024-02-27 09:39:00
pay_8rhnuxorzpgu2h,ORD-10022,374600,INR,captured,card,2024-05-14 16:50:00,2024-05-14 16:50:00
pay_jtgq01tee13n3b,ORD-10023,101000,INR,captured,card,2024-11-23 16:53:00,2024-11-23 16:53:00
pay_t9d31k9qm3p91i,ORD-10024,270800,INR,captured,upi,2024-09-28 00:57:00,2024-09-28 00:57:00
pay_y4vpw232utvg9k,ORD-10025,1689300,INR,captured,card,2024-06-06 07:22:00,2024-06-06 07:22:00
pay_j49yd82795e5iz,ORD-10026,548000,INR,captured,card,2024-02-05 17:57:00,2024-02-05 17:57:00
pay_1yrujoqw5dsk7n,ORD-10027,56800,INR,captured,upi,2024-05-15 17:11:00,2024-05-15 17:11:00
pay_la100qxmcthphj,ORD-10028,117200,INR,captured,card,2024-12-19 06:55:00,2024-12-19 06:55:00
pay_muurmybd2qe4pa,ORD-10029,291800,INR,captured,card,2024-08-19 03:29:00,2024-08-19 03:29:00
pay_hyexf7jxjn6fok,ORD-10030,1263700,INR,captured,card,2024-10-10 07:45:00,2024-10-10 07:45:00
pay_pddhcvsqame4yr,ORD-10031,41900,INR,captured,card,2024-04-27 03:05:00,2024-04-27 03:05:00
pay_n0dl5e11e9ftax,ORD-10032,571000,INR,captured,upi,2024-05-01 08:57:00,2024-05-01 08:57:00
pay_mh07wph6fe0mp2,ORD-10033,4597500,INR,captured,upi,2024-05-04 15:59:00,2024-05-04 15:59:00
pay_jdtvv2y4xkss0k,ORD-10034,2659200,INR,captured,upi,2024-08-08 11:29:00,2024-08-08 11:29:00
pay_22iniwc5amln4p,ORD-10035,367500,INR,captured,upi,2024-11-26 03:21:00,2024-11-26 03:21:00
pay_y181acjbc2swso,ORD-10036,1314600,INR,captured,upi,2024-04-08 06:47:00,2024-04-08 06:47:00
pay_ctwjlsh3tow4yc,ORD-10037,163900,INR,captured,netbanking,2024-08-24 08:09:00,2024-08-24 08:09:00
pay_04cdpqvl00ezzf,ORD-10038,49900,INR,captured,netbanking,2024-01-26 20:46:00,2024-01-26 20:46:00
pay_s2zge2j51b3jcz,ORD-10039,286100,INR,captured,card,2024-07-27 15:49:00,2024-07-27 15:49:00
pay_wrsb4gf16ye0a4,ORD-10040,167300,INR,captured,card,2024-07-13 00:25:00,2024-07-13 00:25:00
pay_iqnf74t60plozj,ORD-10041,992900,INR,captured,upi,2024-10-11 21:48:00,2024-10-11 21:48:00
pay_ueybisbo551ldq,ORD-10042,656500,INR,captured,upi,2024-01-30 18:59:00,2024-01-30 18:59:00
pay_hukwqvr1h61iao,ORD-10043,120400,INR,captured,netbanking,2024-10-26 15:40:00,2024-10-26 15:40:00
pay_twyam1n0lh9p89,ORD-10044,73100,INR,captured,card,2024-09-17 02:59:00,2024-09-17 02:59:00
pay_zd76szn9dde3cu,ORD-10045,452900,INR,captured,netbanking,2024-04-30 12:21:00,2024-04-30 12:21:00
pay_xek47o3lqi7e1d,ORD-10046,293400,INR,captured,upi,2024-01-21 19:09:00,2024-01-21 19:09:00
pay_fqot8hljefy3zb,ORD-10047,93300,INR,captured,card,2024-04-14 21:56:00,2024-04-14 21:56:00
pay_fz8obk3g84utdd,ORD-10048,307100,INR,captured,upi,2024-12-09 20:24:00,2024-12-09 20:24:00
pay_ec2ihoy7dv7c9h,ORD-10049,1050700,INR,captured,card,2024-11-14 18:21:00,2024-11-14 18:21:00
pay_3d43e7b7p0rnpm,ORD-10050,77000,INR,captured,card,2024-03-08 12:02:00,2024-03-08 12:02:00
pay_jqfwwxr5rdnpx2,ORD-10051,1433700,INR,captured,upi,2024-03-21 15:01:00,2024-03-21 15:01:00
pay_w2292mtr6snglh,ORD-10052,162700,INR,captured,netbanking,2024-12-07 17:28:00,2024-12-07 17:28:00
pay_c9t199dxj37c9h,ORD-10053,3233100,INR,captured,upi,2024-02-29 04:00:00,2024-02-29 04:00:00
pay_m44gv3z6bz8uug,ORD-10054,1290800,INR,captured,card,2024-04-17 22:37:00,2024-04-17 22:37:00
pay_tgbcvarlw3mg25,ORD-10055,99900,INR,captured,upi,2024-05-08 01:07:00,2024-05-08 01:07:00
pay_av71448n7odkef,ORD-10056,101300,INR,captured,wallet,2024-06-19 04:54:00,2024-06-19 04:54:00
pay_28xg8y72ivglye,ORD-10057,260800,INR,captured,upi,2024-10-09 22:28:00,2024-10-09 22:28:00
pay_88o98bv78hu7f0,ORD-10058,272000,INR,captured,upi,2024-10-06 02:01:00,2024-10-06 02:01:00
pay_mlw83y0mahym2z,ORD-10059,304300,INR,captured,netbanking,2024-01-22 09:25:00,2024-01-22 09:25:00
pay_n085rntdr5xyfc,ORD-10060,1188200,INR,captured,card,2024-12-15 07:44:00,2024-12-15 07:44:00
pay_kl8cgn0t6dvwrb,ORD-10061,403100,INR,captured,netbanking,2024-05-01 05:57:00,2024-05-01 05:57:00
pay_vpbl9ot7txkdot,ORD-10062,593700,INR,captured,upi,2024-06-19 14:07:00,2024-06-19 14:07:00
pay_fmpkxvhagkc4lo,ORD-10063,62500,INR,captured,card,2024-02-25 13:11:00,2024-02-25 13:11:00
pay_6jxnnngbpj4ufz,ORD-10064,313300,INR,captured,netbanking,2024-08-23 11:23:00,2024-08-23 11:23:00
pay_dmt8vt43pt5r5r,ORD-10065,169200,INR,captured,upi,2024-12-03 06:28:00,2024-12-03 06:28:00
pay_o4busu9f8q8ghg,ORD-10066,101800,INR,captured,upi,2024-11-24 16:27:00,2024-11-24 16:27:00
pay_p9p9w4j66cnolj,ORD-10067,45500,INR,captured,upi,2024-02-29 08:26:00,2024-02-29 08:26:00
pay_7azv2efuu8dd22,ORD-10068,144300,INR,captured,upi,2024-11-01 13:40:00,2024-11-01 13:40:00
pay_55jxurgowyoo5y,ORD-10069,696500,INR,captured,netbanking,2024-09-18 03:26:00,2024-09-18 03:26:00
pay_076a3kkrzd5e9p,ORD-10070,38900,INR,captured,netbanking,2024-08-11 00:44:00,2024-08-11 00:44:00
pay_jpxgh30153sfls,ORD-10071,394500,INR,captured,upi,2024-12-09 06:28:00,2024-12-09 06:28:00
pay_2sug5hcbbmhnqo,ORD-10072,664200,INR,captured,netbanking,2024-12-05 03:50:00,2024-12-05 03:50:00
pay_yirq8rtm4j3dab,ORD-10073,1392500,INR,captured,upi,2024-07-28 10:44:00,2024-07-28 10:44:00
pay_2hhihxs58yreg2,ORD-10074,424300,INR,captured,upi,2024-12-06 12:51:00,2024-12-06 12:51:00
pay_j2k8xpnmjqy3od,ORD-10075,642900,INR,captured,card,2024-07-26 18:10:00,2024-07-26 18:10:00
pay_984uvkyrmjljx8,ORD-10076,432000,INR,captured,upi,2024-10-23 19:51:00,2024-10-23 19:51:00
pay_gsic43olfark6o,ORD-10077,167400,INR,captured,netbanking,2024-09-18 15:52:00,2024-09-18 15:52:00
pay_u93mzywr7mkgxu,ORD-10078,134600,INR,captured,upi,2024-05-25 16:52:00,2024-05-25 16:52:00
pay_dej31gymdm0l2l,ORD-10079,342300,INR,captured,netbanking,2024-12-10 09:23:00,2024-12-10 09:23:00
pay_vqebwuwqheyto5,ORD-10080,375600,INR,captured,netbanking,2024-05-05 15:44:00,2024-05-05 15:44:00
pay_ehou6qlz2rwgwa,ORD-10081,249600,INR,captured,upi,2024-11-18 18:21:00,2024-11-18 18:21:00
pay_h1uf22eppprat0,ORD-10082,50300,INR,captured,upi,2024-05-04 04:42:00,2024-05-04 04:42:00
pay_61taa0i5ldslcb,ORD-10083,379100,INR,captured,upi,2024-03-31 22:43:00,2024-03-31 22:43:00
pay_qsspye9r1f63ai,ORD-10084,1995600,INR,captured,upi,2024-03-09 14:47:00,2024-03-09 14:47:00
pay_hasez2nx1wvbd4,ORD-10085,286600,INR,captured,netbanking,2024-08-06 17:30:00,2024-08-06 17:30:00
pay_ypntrfzwkxxjve,ORD-10086,186000,INR,captured,upi,2024-05-06 20:21:00,2024-05-06 20:21:00
pay_swk2rv239moft6,ORD-10087,61900,INR,captured,card,2024-05-02 08:44:00,2024-05-02 08:44:00
pay_lay64yfds0dji9,ORD-10088,372400,INR,captured,upi,2024-06-20 11:07:00,2024-06-20 11:07:00
pay_jb354mype46aex,ORD-10089,3015400,INR,captured,upi,2024-07-15 22:20:00,2024-07-15 22:20:00
pay_mpw5d3go8jn42x,ORD-10090,533800,INR,captured,upi,2024-06-18 17:35:00,2024-06-18 17:35:00
pay_ezc7fov2ygnmby,ORD-10091,518900,INR,captured,netbanking,2024-10-26 22:06:00,2024-10-26 22:06:00
pay_rr5pcxa5s00i85,ORD-10092,30200,INR,captured,upi,2024-06-29 10:05:00,2024-06-29 10:05:00
pay_szdximyn4u9bxf,ORD-10093,116400,INR,captured,card,2024-10-06 20:13:00,2024-10-06 20:13:00
pay_45cri8bixoiq2q,ORD-10094,119100,INR,captured,upi,2024-09-05 00:40:00,2024-09-05 00:40:00
pay_qerxdouadvwksh,ORD-10095,147500,INR,captured,upi,2024-08-27 04:54:00,2024-08-27 04:54:00
pay_8nbiquwrxze1hm,ORD-10096,281000,INR,captured,upi,2024-12-05 00:15:00,2024-12-05 00:15:00
pay_tnd6r30ojhe4h3,ORD-10097,154300,INR,captured,upi,2024-01-26 08:31:00,2024-01-26 08:31:00
pay_zdo74v1qx8ertb,ORD-10098,109000,INR,captured,wallet,2024-07-13 09:02:00,2024-07-13 09:02:00
pay_4rs7gu0env5sn9,ORD-10099,46600,INR,captured,upi,2024-08-28 00:55:00,2024-08-28 00:55:00
pay_j88qeoz0kz4z7w,ORD-10100,682400,INR,captured,upi,2024-02-05 20:09:00,2024-02-05 20:09:00
pay_hzy7ez9gtwz1uu,ORD-10101,96500,INR,captured,card,2024-11-14 04:29:00,2024-11-14 04:29:00
pay_y6t5padnbcj29y,ORD-10102,139100,INR,captured,upi,2024-08-26 22:21:00,2024-08-26 22:21:00
pay_4yk1b3d5050ui2,ORD-10103,337500,INR,captured,upi,2024-03-24 09:16:00,2024-03-24 09:16:00
pay_ybno2y8b0h54pi,ORD-10104,203600,INR,captured,card,2024-07-22 22:24:00,2024-07-22 22:24:00
pay_1tv18kgyggsnpu,ORD-10105,2784400,INR,captured,netbanking,2024-06-03 21:43:00,2024-06-03 21:43:00
pay_f4aq7b7v1w4k2t,ORD-10106,2245500,INR,captured,card,2024-08-07 21:26:00,2024-08-07 21:26:00
pay_2lhgcsotdhhlmh,ORD-10107,988100,INR,captured,wallet,2024-09-07 03:47:00,2024-09-07 03:47:00
pay_t939ayq6ww8yl6,ORD-10108,61200,INR,captured,upi,2024-08-10 05:50:00,2024-08-10 05:50:00
pay_ntk63n2qb6gs8g,ORD-10109,942000,INR,captured,upi,2024-08-26 14:10:00,2024-08-26 14:10:00
pay_twhwhy4h350p3c,ORD-10110,90100,INR,captured,upi,2024-02-14 09:01:00,2024-02-14 09:01:00
pay_azbcgjc36oqolo,ORD-10111,299800,INR,captured,card,2024-12-08 12:25:00,2024-12-08 12:25:00
pay_txw1vzc7d2kd1p,ORD-10112,249600,INR,captured,card,2024-04-18 12:04:00,2024-04-18 12:04:00
pay_3bfh024kwk585x,ORD-10113,602500,INR,captured,netbanking,2024-10-11 00:34:00,2024-10-11 00:34:00
pay_tteavt8k06moxs,ORD-10114,739700,INR,captured,upi,2024-07-27 15:41:00,2024-07-27 15:41:00
pay_gwjeyub19txcyj,ORD-10115,185600,INR,captured,card,2024-09-08 14:57:00,2024-09-08 14:57:00
pay_0rlexdw6lqwlvu,ORD-10116,481100,INR,captured,upi,2024-12-20 07:31:00,2024-12-20 07:31:00
pay_38gl2zxjmylrq1,ORD-10117,58200,INR,captured,wallet,2024-09-28 11:43:00,2024-09-28 11:43:00
pay_tgv44ftj5ccasb,ORD-10118,1986700,INR,captured,card,2024-05-18 09:35:00,2024-05-18 09:35:00
pay_u1hbj6txfo6v4e,ORD-10119,64300,INR,captured,card,2024-10-01 22:28:00,2024-10-01 22:28:00
pay_sosx43wfsqg8x8,ORD-10120,137300,INR,captured,netbanking,2024-11-01 09:22:00,2024-11-01 09:22:00
pay_7b1ijiys2n75bx,ORD-10121,445500,INR,captured,upi,2024-04-01 09:04:00,2024-04-01 09:04:00
pay_zs34jtgxnx4sn6,ORD-10122,39200,INR,captured,upi,2024-01-28 17:35:00,2024-01-28 17:35:00
pay_o3m25a5piskffv,ORD-10123,194000,INR,captured,card,2024-09-08 03:59:00,2024-09-08 03:59:00
pay_xoleyrvxoieves,ORD-10124,54400,INR,captured,wallet,2024-08-13 10:30:00,2024-08-13 10:30:00
pay_ff7so8w5038hvq,ORD-10125,35700,INR,captured,card,2024-02-03 12:47:00,2024-02-03 12:47:00
pay_g3v23gxj0mqvin,ORD-10126,2477600,INR,captured,wallet,2024-10-15 09:09:00,2024-10-15 09:09:00
pay_as6y3vg6v5t1dx,ORD-10127,118100,INR,captured,upi,2024-08-01 19:58:00,2024-08-01 19:58:00
pay_ta7ypp5zp7r1m2,ORD-10128,88800,INR,captured,netbanking,2024-08-18 14:38:00,2024-08-18 14:38:00
pay_deri4k5ogz2uea,ORD-10129,1231500,INR,captured,wallet,2024-11-13 01:46:00,2024-11-13 01:46:00
pay_ylnfxj4pnjy1o2,ORD-10130,252700,INR,captured,card,2024-05-15 21:21:00,2024-05-15 21:21:00
pay_gur9u1oe5ei28d,ORD-10131,47500,INR,captured,upi,2024-03-21 00:43:00,2024-03-21 00:43:00
pay_omtzzf8adf7pch,ORD-10132,353300,INR,captured,card,2024-04-28 09:48:00,2024-04-28 09:48:00
pay_v07oxk8c1gra47,ORD-10133,341100,INR,captured,upi,2024-05-15 20:54:00,2024-05-15 20:54:00
pay_kbvsigbiaf92mo,ORD-10134,293900,INR,captured,card,2024-10-05 08:00:00,2024-10-05 08:00:00
pay_haz7t0uum3i8qo,ORD-10135,1967800,INR,captured,card,2024-01-31 05:51:00,2024-01-31 05:51:00
pay_jodck82853uy8u,ORD-10136,130800,INR,captured,upi,2024-08-27 22:27:00,2024-08-27 22:27:00
pay_18qqvaecw9yil8,ORD-10137,105100,INR,captured,upi,2024-09-09 14:22:00,2024-09-09 14:22:00
pay_tzjko0mtglhug0,ORD-10138,211900,INR,captured,card,2024-11-05 08:08:00,2024-11-05 08:08:00
pay_rh05hhiwfd7yxw,ORD-10139,436300,INR,captured,upi,2024-05-17 18:20:00,2024-05-17 18:20:00
pay_84nl65ujg1so1e,ORD-10140,56400,INR,captured,card,2024-11-29 15:15:00,2024-11-29 15:15:00
pay_2rtsoyg9zqyahu,ORD-10141,140600,INR,captured,upi,2024-02-16 15:33:00,2024-02-16 15:33:00
pay_n5gjj8mgpp1noq,ORD-10142,142700,INR,captured,upi,2024-03-23 10:45:00,2024-03-23 10:45:00
pay_euidjipnf8f3gr,ORD-10143,487000,INR,captured,upi,2024-07-24 17:19:00,2024-07-24 17:19:00
pay_tlrj4bdfhj4d0j,ORD-10144,96100,INR,captured,upi,2024-02-29 13:07:00,2024-02-29 13:07:00
pay_u7jae58huxg2my,ORD-10145,455900,INR,captured,card,2024-10-04 14:42:00,2024-10-04 14:42:00
pay_1qcwq85x7pwo6c,ORD-10146,2133300,INR,captured,card,2024-11-16 14:59:00,2024-11-16 14:59:00
pay_ilkjxjq5nv8oga,ORD-10147,53300,INR,captured,upi,2024-05-27 15:04:00,2024-05-27 15:04:00
pay_x7zcgdc5tao1cj,ORD-10148,1332100,INR,captured,card,2024-11-07 07:50:00,2024-11-07 07:50:00
pay_d7oi0pesgbm65q,ORD-10149,81600,INR,captured,netbanking,2024-02-17 08:11:00,2024-02-17 08:11:00
pay_7te8tvq05pxt6r,ORD-10150,2622300,INR,captured,upi,2024-03-19 16:07:00,2024-03-19 16:07:00
pay_2pnjka34mqa78r,ORD-10151,85800,INR,captured,card,2024-07-31 15:31:00,2024-07-31 15:31:00
pay_12v2tg5pizx3hc,ORD-10152,356000,INR,captured,netbanking,2024-11-02 16:55:00,2024-11-02 16:55:00
pay_s2wyjxtjgcedqq,ORD-10153,114800,INR,captured,netbanking,2024-06-23 16:37:00,2024-06-23 16:37:00
pay_rlf8a9kepadahp,ORD-10154,202100,INR,captured,upi,2024-10-27 18:58:00,2024-10-27 18:58:00
pay_9q2l48c1cqg433,ORD-10155,278200,INR,captured,upi,2024-06-25 10:39:00,2024-06-25 10:39:00
pay_9zn9i9h0dxho87,ORD-10156,211700,INR,captured,upi,2024-04-06 22:21:00,2024-04-06 22:21:00
pay_wb7sjwh55hewlg,ORD-10157,235600,INR,captured,upi,2024-06-11 23:39:00,2024-06-11 23:39:00
pay_voi8uyyf1irym8,ORD-10158,743500,INR,captured,wallet,2024-11-29 04:33:00,2024-11-29 04:33:00
pay_cxz2ei9212pgym,ORD-10159,148700,INR,captured,card,2024-10-29 11:00:00,2024-10-29 11:00:00
pay_jbzutrutlq5v4f,ORD-10160,2223300,INR,captured,card,2024-08-21 01:03:00,2024-08-21 01:03:00
pay_fkjnawnga41izx,ORD-10161,534500,INR,captured,upi,2024-05-15 10:57:00,2024-05-15 10:57:00
pay_3gy1fkoldxb7gb,ORD-10162,149100,INR,captured,upi,2024-07-13 10:44:00,2024-07-13 10:44:00
pay_rdu4xszjnvc7hr,ORD-10163,43500,INR,captured,upi,2024-11-12 02:18:00,2024-11-12 02:18:00
pay_qxm0632cwt04ch,ORD-10164,761600,INR,captured,upi,2024-02-16 13:23:00,2024-02-16 13:23:00
pay_d0tgsiwg0odwmq,ORD-10165,148000,INR,captured,upi,2024-06-02 00:16:00,2024-06-02 00:16:00
pay_5ggomf9pml9ln1,ORD-10166,887200,INR,captured,card,2024-07-10 13:23:00,2024-07-10 13:23:00
pay_3litnt0mq8abka,ORD-10167,123600,INR,captured,upi,2024-03-28 05:10:00,2024-03-28 05:10:00
pay_9kkh4a3yjtu7fb,ORD-10168,544400,INR,captured,card,2024-09-11 18:21:00,2024-09-11 18:21:00
pay_fj6ijkuuhclrr6,ORD-10169,184400,INR,captured,netbanking,2024-12-07 01:16:00,2024-12-07 01:16:00
pay_3dxb3n27m5p7e1,ORD-10170,323700,INR,captured,netbanking,2024-03-21 02:48:00,2024-03-21 02:48:00
pay_7wwbslulzfy981,ORD-10171,126700,INR,captured,netbanking,2024-12-19 08:48:00,2024-12-19 08:48:00
pay_shkoecubods1ee,ORD-10172,595700,INR,captured,upi,2024-02-24 07:42:00,2024-02-24 07:42:00
pay_houu9sijpyueon,ORD-10173,90300,INR,captured,card,2024-01-12 21:32:00,2024-01-12 21:32:00
pay_lvak9w9pfb3hn1,ORD-10174,963700,INR,captured,netbanking,2024-05-26 07:41:00,2024-05-26 07:41:00
pay_eb8753ayeqahth,ORD-10175,78800,INR,captured,upi,2024-11-13 09:00:00,2024-11-13 09:00:00
pay_1tw9zyn6sjchzj,ORD-10176,59700,INR,captured,card,2024-11-17 20:17:00,2024-11-17 20:17:00
pay_xanj4x5a5xin9d,ORD-10177,337200,INR,captured,card,2024-07-05 23:19:00,2024-07-05 23:19:00
pay_rvdh8uzb7kr0ay,ORD-10178,124900,INR,captured,upi,2024-03-30 06:20:00,2024-03-30 06:20:00
pay_wi9s3w563btkf6,ORD-10179,101200,INR,captured,netbanking,2024-05-19 05:21:00,2024-05-19 05:21:00
pay_dn8wwiif86lthe,ORD-10180,854800,INR,captured,card,2024-02-28 14:22:00,2024-02-28 14:22:00
pay_yhey66p61xufct,ORD-10181,396500,INR,captured,netbanking,2024-12-11 12:58:00,2024-12-11 12:58:00
pay_g4fbl98k03w0fg,ORD-10182,473100,INR,captured,card,2024-01-08 08:39:00,2024-01-08 08:39:00
pay_g1wjuiiymyrsvz,ORD-10183,406600,INR,captured,upi,2024-12-10 08:49:00,2024-12-10 08:49:00
pay_gnrfio878iyhhg,ORD-10184,2711200,INR,captured,upi,2024-04-29 15:16:00,2024-04-29 15:16:00
pay_5rlqiob0nlw0vs,ORD-10185,512500,INR,captured,netbanking,2024-11-27 02:42:00,2024-11-27 02:42:00
pay_sq3b9so0uswbko,ORD-10186,123500,INR,captured,netbanking,2024-02-29 04:12:00,2024-02-29 04:12:00
pay_1kfk7y6qxdsgv6,ORD-10187,35800,INR,captured,upi,2024-02-19 08:14:00,2024-02-19 08:14:00
pay_eoqgvzhqjy62ze,ORD-10188,231800,INR,captured,netbanking,2024-12-09 23:48:00,2024-12-09 23:48:00
pay_zwdz09wftbgm55,ORD-10189,113100,INR,captured,netbanking,2024-07-31 20:12:00,2024-07-31 20:12:00
pay_5gzpl1qweehwjq,ORD-10190,36600,INR,captured,upi,2024-12-19 11:29:00,2024-12-19 11:29:00
pay_ta5ivrocvitwu3,ORD-10191,825400,INR,captured,netbanking,2024-12-17 11:36:00,2024-12-17 11:36:00
pay_gbmfbuvldd9fkx,ORD-10192,262900,INR,captured,netbanking,2024-05-21 06:27:00,2024-05-21 06:27:00
pay_uu80mb1l6314cq,ORD-10193,323600,INR,captured,wallet,2024-11-24 20:42:00,2024-11-24 20:42:00
pay_zjsszwd0w9ry79,ORD-10194,89700,INR,captured,card,2024-03-05 18:23:00,2024-03-05 18:23:00
pay_p4juw7wr0r35ik,ORD-10195,138300,INR,captured,card,2024-04-29 10:56:00,2024-04-29 10:56:00
pay_aawe429omuwahk,ORD-10196,59500,INR,captured,upi,2024-03-07 17:19:00,2024-03-07 17:19:00
pay_lslaym0wbglmy6,ORD-10197,454700,INR,captured,upi,2024-01-14 04:02:00,2024-01-14 04:02:00
pay_xrw6tm2o04k0lt,ORD-10198,182500,INR,captured,card,2024-01-09 05:23:00,2024-01-09 05:23:00
pay_ul62cf4mntfvge,ORD-10199,61500,INR,captured,upi,2024-02-02 15:38:00,2024-02-02 15:38:00
pay_zlboriq8hke226,ORD-10200,94500,INR,captured,netbanking,2024-08-19 16:29:00,2024-08-19 16:29:00
pay_s26fmr5ll1d9s9,ORD-10201,349700,INR,captured,upi,2024-09-23 09:36:00,2024-09-23 09:36:00
pay_0qzsa7yvdqbsxl,ORD-10202,296000,INR,captured,card,2024-07-24 14:02:00,2024-07-24 14:02:00
pay_1whhkt1yjfe8ud,ORD-10203,216000,INR,captured,card,2024-06-13 19:27:00,2024-06-13 19:27:00
pay_mlfzkicwmpeqyd,ORD-10204,682600,INR,captured,card,2024-07-14 19:35:00,2024-07-14 19:35:00
pay_doz6wyqmlh13c7,ORD-10205,854700,INR,captured,netbanking,2024-02-20 22:22:00,2024-02-20 22:22:00
pay_ud2zdlx1q8f6jn,ORD-10206,569800,INR,captured,netbanking,2024-04-26 13:27:00,2024-04-26 13:27:00
pay_zx25qbrmqg1ved,ORD-10207,797500,INR,captured,card,2024-02-18 10:31:00,2024-02-18 10:31:00
pay_lx2toowt9nm3v2,ORD-10208,1000000,INR,captured,card,2024-12-17 15:18:00,2024-12-17 15:18:00
pay_umygy0z4evldql,ORD-10209,503600,INR,captured,upi,2024-02-20 00:00:00,2024-02-20 00:00:00
pay_cd31nrxd356waf,ORD-10210,46000,INR,captured,upi,2024-10-27 17:40:00,2024-10-27 17:40:00
pay_qkwqh5k2y77z69,ORD-10211,489500,INR,captured,netbanking,2024-12-06 14:14:00,2024-12-06 14:14:00
pay_a9oekntbz3m55i,ORD-10212,1283600,INR,captured,upi,2024-06-08 11:25:00,2024-06-08 11:25:00
pay_olnntxrgn74f9y,ORD-10213,4659900,INR,captured,netbanking,2024-04-24 03:27:00,2024-04-24 03:27:00
pay_axf5x9ee346z7w,ORD-10214,2998800,INR,captured,netbanking,2024-05-22 18:29:00,2024-05-22 18:29:00
pay_stqmgvu4isotn9,ORD-10215,588000,INR,captured,upi,2024-01-15 05:36:00,2024-01-15 05:36:00
pay_rnu8c0s41kssvi,ORD-10216,111700,INR,captured,card,2024-01-04 05:58:00,2024-01-04 05:58:00
pay_ytuw6taq6ulm9k,ORD-10217,266100,INR,captured,upi,2024-11-20 00:11:00,2024-11-20 00:11:00
pay_b700ucrgb93wkc,ORD-10218,543800,INR,captured,upi,2024-08-20 10:27:00,2024-08-20 10:27:00
pay_c2jwjj0v60xng2,ORD-10219,294100,INR,captured,card,2024-02-13 01:17:00,2024-02-13 01:17:00
pay_r25mdf7fr91ipw,ORD-10220,133300,INR,captured,upi,2024-05-19 14:49:00,2024-05-19 14:49:00
pay_u4bj3bqrr87iyo,ORD-10221,423600,INR,captured,upi,2024-04-20 16:16:00,2024-04-20 16:16:00
pay_f5a7qy8yb7w8p7,ORD-10222,1411000,INR,captured,upi,2024-12-13 18:40:00,2024-12-13 18:40:00
pay_mjdxo100vhmygt,ORD-10223,190200,INR,captured,card,2024-07-21 19:04:00,2024-07-21 19:04:00
pay_3addqhkgad7x48,ORD-10224,192300,INR,captured,card,2024-05-10 09:24:00,2024-05-10 09:24:00
pay_ze4ex6u86zjq7w,ORD-10225,256200,INR,captured,upi,2024-03-30 04:33:00,2024-03-30 04:33:00
pay_1yy1j2jcn9j3gc,ORD-10226,107100,INR,captured,upi,2024-12-08 11:11:00,2024-12-08 11:11:00
pay_vgrf1hx6zdcujq,ORD-10227,215200,INR,captured,card,2024-08-23 03:11:00,2024-08-23 03:11:00
pay_fx7xjz6us7rp42,ORD-10228,215500,INR,captured,card,2024-11-23 13:21:00,2024-11-23 13:21:00
pay_ta83ru7myow8dt,ORD-10229,75000,INR,captured,upi,2024-11-12 15:04:00,2024-11-12 15:04:00
pay_cq1xgbngz6wmdw,ORD-10230,507600,INR,captured,upi,2024-02-24 07:34:00,2024-02-24 07:34:00
pay_fgzvrctlt4q9bc,ORD-10231,474100,INR,captured,card,2024-06-07 23:23:00,2024-06-07 23:23:00
pay_ohxs75t0ic0ra6,ORD-10232,568000,INR,captured,upi,2024-11-20 03:53:00,2024-11-20 03:53:00
pay_bzegbl2qgv3dr2,ORD-10233,983800,INR,captured,card,2024-04-30 03:17:00,2024-04-30 03:17:00
pay_chm40oeytl8hbg,ORD-10234,400300,INR,captured,wallet,2024-12-01 02:14:00,2024-12-01 02:14:00
pay_efoztp7bd4w1ar,ORD-10235,263700,INR,captured,upi,2024-12-14 18:42:00,2024-12-14 18:42:00
pay_a7zvky2refjqig,ORD-10236,104600,INR,captured,upi,2024-03-18 14:06:00,2024-03-18 14:06:00
pay_vzwd3kpug99w59,ORD-10237,41400,INR,captured,card,2024-06-29 16:21:00,2024-06-29 16:21:00
pay_h1xjg2y8rgybxk,ORD-10238,123200,INR,captured,upi,2024-07-07 09:18:00,2024-07-07 09:18:00
pay_jw6qdbtfbsciqu,ORD-10239,980600,INR,captured,upi,2024-07-15 14:51:00,2024-07-15 14:51:00
pay_hyl2ld05nhqr6f,ORD-10240,157000,INR,captured,upi,2024-06-13 19:50:00,2024-06-13 19:50:00
pay_qnezw9heyce4qg,ORD-10241,122200,INR,captured,upi,2024-06-24 22:16:00,2024-06-24 22:16:00
pay_hkf286utios5hr,ORD-10242,201300,INR,captured,upi,2024-08-12 14:48:00,2024-08-12 14:48:00
pay_k00ilu6vfua9bq,ORD-10243,1721600,INR,captured,upi,2024-05-24 12:43:00,2024-05-24 12:43:00
pay_btr23qiua08ekx,ORD-10244,172400,INR,captured,card,2024-06-20 02:24:00,2024-06-20 02:24:00
pay_ayfquv9qezg5wz,ORD-10245,712700,INR,captured,card,2024-12-02 19:56:00,2024-12-02 19:56:00
pay_4c6lbpj8t22c50,ORD-10246,107800,INR,captured,upi,2024-06-28 09:43:00,2024-06-28 09:43:00
pay_s6nbnqbnxzu1em,ORD-10247,2055100,INR,captured,upi,2024-06-07 17:42:00,2024-06-07 17:42:00
pay_er7u8h0imjyjcm,ORD-10248,4949600,INR,captured,upi,2024-02-17 20:58:00,2024-02-17 20:58:00
pay_s3qt36qnyy95g5,ORD-10249,893900,INR,captured,upi,2024-06-07 05:16:00,2024-06-07 05:16:00
pay_c6k8djzr5swk8t,ORD-10250,265400,INR,captured,card,2024-03-11 04:09:00,2024-03-11 04:09:00
pay_rp0aga24smux2r,ORD-10251,128800,INR,captured,upi,2024-10-04 00:13:00,2024-10-04 00:13:00
pay_4qke2gjr81bmqf,ORD-10252,364600,INR,captured,card,2024-11-01 12:15:00,2024-11-01 12:15:00
pay_zk94yxfiblejgu,ORD-10253,259100,INR,captured,upi,2024-01-23 13:25:00,2024-01-23 13:25:00
pay_x9fq9tea7187f8,ORD-10254,196600,INR,captured,card,2024-08-17 07:52:00,2024-08-17 07:52:00
pay_9lzrk79ufu6py0,ORD-10255,381200,INR,captured,upi,2024-12-13 18:30:00,2024-12-13 18:30:00
pay_ftlo4qdbxvh7ka,ORD-10256,611800,INR,captured,netbanking,2024-09-27 13:28:00,2024-09-27 13:28:00
pay_4y89orvscyozpn,ORD-10257,40500,INR,captured,upi,2024-11-24 15:56:00,2024-11-24 15:56:00
pay_km95d0p92k38p6,ORD-10258,135500,INR,captured,upi,2024-03-04 09:10:00,2024-03-04 09:10:00
pay_4vfk9sm7vnawjg,ORD-10259,290100,INR,captured,netbanking,2024-03-16 13:20:00,2024-03-16 13:20:00
pay_z1egntb34kuqaa,ORD-10260,223000,INR,captured,upi,2024-01-14 13:12:00,2024-01-14 13:12:00
pay_kxwexkg6xb1r8v,ORD-10261,466200,INR,captured,card,2024-02-11 11:26:00,2024-02-11 11:26:00
pay_uu5wryesu4fcl5,ORD-10262,98500,INR,captured,card,2024-03-15 04:07:00,2024-03-15 04:07:00
pay_mbnw8bkxcgw1vg,ORD-10263,58300,INR,captured,card,2024-08-28 14:50:00,2024-08-28 14:50:00
pay_53ykyydu3asnrm,ORD-10264,719200,INR,captured,netbanking,2024-04-20 04:41:00,2024-04-20 04:41:00
pay_dfhg6w3stt1eqc,ORD-10265,290900,INR,captured,card,2024-05-27 07:24:00,2024-05-27 07:24:00
pay_7rln36v1mzb3i4,ORD-10266,723300,INR,captured,card,2024-11-14 14:09:00,2024-11-14 14:09:00
pay_ylh9p1earphbxv,ORD-10267,176800,INR,captured,card,2024-11-19 16:52:00,2024-11-19 16:52:00
pay_ejcy127h6gmd47,ORD-10268,1003100,INR,captured,card,2024-01-01 19:41:00,2024-01-01 19:41:00
pay_mfs0iuduahgk6t,ORD-10269,84900,INR,captured,wallet,2024-09-25 11:08:00,2024-09-25 11:08:00
pay_774rzgyd49pso1,ORD-10270,130400,INR,captured,upi,2024-09-16 17:12:00,2024-09-16 17:12:00
pay_ede1zublekvl9p,ORD-10271,360200,INR,captured,upi,2024-07-17 11:34:00,2024-07-17 11:34:00
pay_o9p4627nayyosy,ORD-10272,432300,INR,captured,upi,2024-05-03 23:46:00,2024-05-03 23:46:00
pay_fovd79c9mv9e40,ORD-10273,1790400,INR,captured,netbanking,2024-06-29 17:30:00,2024-06-29 17:30:00
pay_11v127my89sfqe,ORD-10274,290200,INR,captured,netbanking,2024-09-02 20:27:00,2024-09-02 20:27:00
pay_rwedbcy8nyfwdc,ORD-10275,123600,INR,captured,card,2024-01-19 09:29:00,2024-01-19 09:29:00
pay_12hxrjm4t8bp6n,ORD-10276,229100,INR,captured,wallet,2024-06-07 16:36:00,2024-06-07 16:36:00
pay_4pbgx25fplo1ur,ORD-10277,42800,INR,captured,card,2024-01-19 20:30:00,2024-01-19 20:30:00
pay_yur4sor8wm9lbb,ORD-10278,107800,INR,captured,upi,2024-05-19 04:03:00,2024-05-19 04:03:00
pay_m0a6mdmmmxixv6,ORD-10279,260000,INR,captured,upi,2024-07-16 10:14:00,2024-07-16 10:14:00
pay_5egtbxpspaqalu,ORD-10280,2201400,INR,captured,upi,2024-05-16 02:57:00,2024-05-16 02:57:00
pay_u3dyms1mwnpr42,ORD-10281,445500,INR,captured,card,2024-10-06 09:38:00,2024-10-06 09:38:00
pay_hjku2w8zuvjutp,ORD-10282,220900,INR,captured,upi,2024-06-05 14:50:00,2024-06-05 14:50:00
pay_2xk2pthowq1gaz,ORD-10283,120800,INR,captured,upi,2024-06-28 14:08:00,2024-06-28 14:08:00
pay_uh80q7tw1puwsn,ORD-10284,862500,INR,captured,netbanking,2024-05-20 20:55:00,2024-05-20 20:55:00
pay_i014o46w4jkfyi,ORD-10285,361000,INR,captured,netbanking,2024-07-26 11:40:00,2024-07-26 11:40:00
pay_egi3qupxbfej2x,ORD-10286,533800,INR,captured,upi,2024-11-07 21:56:00,2024-11-07 21:56:00
pay_xb02b6lkc86y5o,ORD-10287,343200,INR,captured,upi,2024-11-26 11:28:00,2024-11-26 11:28:00
pay_iusexu1srdv1l3,ORD-10288,401200,INR,captured,upi,2024-12-13 14:36:00,2024-12-13 14:36:00
pay_307hdhjo5ctzet,ORD-10289,106200,INR,captured,card,2024-09-28 11:41:00,2024-09-28 11:41:00
pay_y857nz3a8v4x7y,ORD-10290,242800,INR,captured,upi,2024-01-14 23:19:00,2024-01-14 23:19:00
pay_jnxz6ytipa877k,ORD-10301,138310,INR,captured,card,2024-01-29 03:39:00,2024-01-29 03:39:00
pay_6w51ob537qo4z5,ORD-10302,186462,INR,captured,netbanking,2024-04-25 11:42:00,2024-04-25 11:42:00
pay_smv30qabxw2eow,ORD-10303,67413,INR,captured,card,2024-11-21 17:21:00,2024-11-21 17:21:00
pay_fs8314y2lr0jy3,ORD-10304,292226,INR,captured,upi,2024-09-14 20:24:00,2024-09-14 20:24:00
pay_non4uaauwidqj4,ORD-10305,290931,INR,captured,netbanking,2024-06-21 18:16:00,2024-06-21 18:16:00
pay_vf8guas173rih8,ORD-10306,187100,INR,failed,upi,,2024-11-24 18:43:00
pay_2kre4v9kypofkj,ORD-10307,199500,INR,failed,card,,2024-09-11 20:54:00
pay_qiuxdq59ohnpvc,ORD-10308,42400,INR,failed,upi,,2024-12-16 12:37:00
pay_cli6978v0bjwko,ORD-10309,229900,INR,failed,card,,2024-07-31 15:41:00
pay_e6bggrmqdzpjl9,ORD-10310,105200,INR,failed,upi,,2024-06-25 12:24:00
pay_5407k5w1jl6l91,ORD-10311,50700,INR,failed,card,,2024-06-12 07:34:00
pay_u7wpgbgqfqe6rp,ORD-10312,265300,INR,failed,netbanking,,2024-02-19 01:41:00
pay_uqezfmhk403uxh,ORD-10313,280700,INR,failed,card,,2024-06-16 18:47:00
pay_suoc1y5ayyov84,ORD-10314,56200,INR,failed,card,,2024-08-27 16:01:00
pay_bqzrwjxlbwq896,ORD-10315,472000,INR,failed,card,,2024-09-15 14:41:00
pay_uhbxlbc8nog85d,ORD-10316,120600,INR,failed,netbanking,,2024-05-24 15:40:00
pay_4f2k1xerp3lyex,ORD-10316,120600,INR,captured,netbanking,2024-05-24 16:16:00,2024-05-24 16:16:00
pay_sr5rup13wppbmq,ORD-10317,1179200,INR,failed,card,,2024-01-05 03:29:00
pay_iyfrwskp6rfe64,ORD-10317,1179200,INR,captured,card,2024-01-05 04:15:00,2024-01-05 04:15:00
pay_put7ssoqz3mv1a,ORD-10318,229700,INR,failed,upi,,2024-07-25 11:04:00
pay_0q24bozl01q3m7,ORD-10318,229700,INR,captured,upi,2024-07-25 11:28:00,2024-07-25 11:28:00
pay_hc9jypaoaxqox0,ORD-10319,2312700,INR,failed,upi,,2024-05-27 02:26:00
pay_0k3wy8y2deg3zg,ORD-10319,2312700,INR,captured,upi,2024-05-27 02:40:00,2024-05-27 02:40:00
pay_hxxpw2gkqraffz,ORD-10320,344500,INR,failed,upi,,2024-03-06 03:27:00
pay_8q4vhu4bawz940,ORD-10320,344500,INR,captured,upi,2024-03-06 04:18:00,2024-03-06 04:18:00
pay_09bos0765icaut,,927600,INR,captured,upi,2024-11-27 13:56:00,2024-11-27 13:56:00
pay_r7mzakgmih6mv4,,1585000,INR,captured,upi,2024-03-08 09:46:00,2024-03-08 09:46:00
pay_83y0224wk0yehv,,380600,INR,captured,card,2024-07-31 15:19:00,2024-07-31 15:19:00
pay_u9mjyg4s3meiur,,1165100,INR,captured,netbanking,2024-06-30 01:49:00,2024-06-30 01:49:00
pay_jfysyz7pq4ddv2,,383800,INR,captured,card,2024-10-14 01:32:00,2024-10-14 01:32:00
pay_w56fkps0dxme4p,,1412300,INR,captured,netbanking,2024-01-04 07:53:00,2024-01-04 07:53:00
pay_msdn1mxf1pi2oo,,1553200,INR,captured,netbanking,2024-09-21 21:23:00,2024-09-21 21:23:00
pay_p1zscmo1pob7fu,,1753200,INR,captured,netbanking,2024-05-31 13:25:00,2024-05-31 13:25:00
pay_z5zlm36vfox5ww,ORD-10321,77300,INR,pending,upi,,2024-03-14 06:43:00
pay_pm3x15dtoz5sth,ORD-10322,118400,INR,pending,upi,,2024-01-20 04:50:00
pay_slmwa6tj3kps04,ORD-10323,96600,INR,pending,upi,,2024-03-17 20:02:00
pay_jse17quami0uz7,ORD-10324,671700,INR,pending,upi,,2024-03-24 12:44:00
pay_x4iky3ufn0dsg2,ORD-10325,187600,INR,pending,upi,,2024-09-16 16:39:00
pay_qfpodpehcyou25,ORD-10326,71600,INR,pending,upi,,2024-01-09 11:26:00
pay_vw9y80pfsrq8st,ORD-10327,175900,INR,pending,upi,,2024-12-18 20:06:00
pay_zqbfu7e4dnksek,ORD-10328,198800,INR,pending,upi,,2024-10-23 18:19:00
pay_nkbf2p7kkg0atc,ORD-10329,264600,INR,pending,upi,,2024-11-18 23:44:00
pay_brlqmn44eew1yf,ORD-10330,3087100,INR,pending,card,,2024-01-17 18:49:00
pay_0dwwn6mbypjdfa,ORD-10331,208300,INR,pending,upi,,2024-08-02 04:31:00
pay_w1lxxd8t18s1sa,ORD-10332,129200,INR,pending,netbanking,,2024-11-09 16:00:00
pay_xt8jh34udtlvr7,ORD-10333,58100,INR,pending,upi,,2024-09-22 06:40:00
pay_mgatnd9tkg1f8y,ORD-10334,88400,INR,pending,netbanking,,2024-06-09 05:34:00
pay_c8gzkdf6j76biv,ORD-10335,76100,INR,pending,upi,,2024-12-12 23:48:00
